,,,,,
2.3,-12.12660551,,,,
4.2,7.68761497,,,,
5,8.68164342,,,,
4.2,19.96524338,,,,
4.5,34.37518984,,,,
5,25.9230812,,,,
1.5,-3.07307934,,,,
4.3,4.37317096,,,,
3,-3.87601791,,,,
5,29.91449653,,,,
4,16.67060918,,,,
4,19.34153245,,,,
5,35.84199541,,,,
4.9,9.41594951,,,,
4.7,24.35258558,,,,
5,16.90636949,,,,
4.8,24.79052426,,,,
4,22.42166957,,,,
4,10.4369412,,,,
4.6,18.72298166,,,,
4.6,20.46428833,,,,
5,12.62401552,,,,
4.5,2.82940029,,,,
3.2,2.73397341,,,,
4,15.41725955,,,,
3.6,18.56426996,,,,
5,11.013959,,,,
2.9,4.61763993,,,,
4.5,18.23158631,,,,
4.8,2.35607817,,,,
5,24.51973316,,,,
1.5,6.38880104,,,,
3.7,3.87150465,,,,
4.4,17.03619561,,,,
4.5,5.15716676,,,,
4,16.5063577,,,,
5,35.84199541,,,,
2,-5.06024586,,,,
5,34.7986776,,,,
5,17.27127826,,,,
3.5,10.21654532,,,,
4.2,10.23283774,,,,
5,24.16467345,,,,
3.8,20.62948937,,,,
4,5.02006139,,,,
4,28.93177348,,,,
4.9,31.3881092,,,,
3,2.32981108,,,,
5,14.00597596,,,,
5,27.03406157,,,,
4,52.21598484,,,,
5,7.27838397,,,,
4,15.14393151,,,,
5,20.35462891,,,,
1,-16.639242,,,,
4.7,3.07516106,,,,
5,29.38310638,,,,
5,17.14720294,,,,
5,22.27141769,,,,
5,21.92048146,,,,
5,17.5746896,,,,
5,18.8756197,,,,
4,-1.75279573,,,,
4.3,7.16049639,,,,
4,18.37084024,,,,
3.7,11.81987428,,,,
5,9.00674446,,,,
1.5,-2.67400394,,,,
4,25.42157974,,,,
2.9,5.75458078,,,,
5,15.54407063,,,,
5,19.71730129,,,,
4.7,5.55859311,,,,
4,11.09849743,,,,
4,0.47462648,,,,
3,0.77950059,,,,
5,10.00187437,,,,
4.8,19.61760478,,,,
4.4,3.81782938,,,,
3.5,17.88765979,,,,
5,39.37709946,,,,
5,20.57001286,,,,
1.5,-8.48850778,,,,
3.8,18.84974896,,,,
5,17.49485203,,,,
5,44.39254196,,,,
4,10.35136046,,,,
5,19.0996495,,,,
4.6,5.92695243,,,,
5,16.72960272,,,,
4.5,22.0498224,,,,
3.8,20.62948937,,,,
5,19.10486812,,,,
4.5,3.09735859,,,,
1,-25.29356873,,,,
3,13.39040458,,,,
3.5,-10.42178003,,,,
5,19.61822313,,,,
5,25.29124288,,,,
3.5,10.40831211,,,,
2,-3.20139238,,,,
3,14.91664238,,,,
4,-0.92512999,,,,
4.8,34.61611215,,,,
4.4,16.88765399,,,,
2.4,-10.01205362,,,,
3.7,14.25292053,,,,
4.9,15.65783951,,,,
4.5,18.13892446,,,,
2,-8.08242391,,,,
5,38.43534652,,,,
4.1,-12.61671854,,,,
5,28.24226953,,,,
5,3.89551009,,,,
5,16.44620367,,,,
4,4.92976084,,,,
1.5,-8.12484726,,,,
5,16.5898426,,,,
5,20.54824067,,,,
1.5,-3.56792414,,,,
5,9.9637698,,,,
5,17.86155274,,,,
5,8.17841569,,,,
2,5.39315253,,,,
5,11.56927284,,,,
5,36.57924879,,,,
1.5,-7.94492815,,,,
1.5,-13.35872859,,,,
4,14.81913092,,,,
2.5,5.60395692,,,,
4,29.0840468,,,,
5,22.50638445,,,,
4.8,55.44042944,,,,
3.5,15.86128555,,,,
4,14.58324656,,,,
4.8,27.1128995,,,,
4,11.64089293,,,,
4.5,20.9852634,,,,
4.8,13.81965651,,,,
4,12.63676842,,,,
4,8.94531156,,,,
4.5,8.27637382,,,,
2.5,-5.4252469,,,,
4,11.58553175,,,,
5,25.05424544,,,,
4.1,21.89434726,,,,
5,15.9503871,,,,
3.5,-6.82501584,,,,
5,25.23745155,,,,
2,-4.05347633,,,,
3,15.83612675,,,,
5,13.00509323,,,,
5,22.78974985,,,,
4,1.16813381,,,,
5,24.63754824,,,,
1.5,-23.76576262,,,,
5,9.30491339,,,,
4.5,2.79986323,,,,
4.5,18.03489085,,,,
3.5,7.47984395,,,,
4,5.11498599,,,,
2,-4.7562353,,,,
5,21.28964889,,,,
1.8,6.54340811,,,,
4,21.47559851,,,,
4,36.65726319,,,,
2.4,5.45317561,,,,
4.7,20.37869426,,,,
5,-1.93195607,,,,
4.8,17.04178727,,,,
3.5,6.21809202,,,,
4.2,50.72985131,,,,
4,23.88998412,,,,
5,23.25644449,,,,
4.5,20.03209975,,,,
4,7.64728315,,,,
3,7.98381182,,,,
5,15.19608647,,,,
4,8.77182096,,,,
4.5,1.58340327,,,,
4,-16.02370283,,,,
2.9,-0.27402738,,,,
3.5,17.52035607,,,,
4.5,11.4991315,,,,
3.6,10.4071486,,,,
1.5,-3.55711945,,,,
4,4.79849054,,,,
3,-1.6459528,,,,
5,9.10858841,,,,
5,32.89126143,,,,
5,29.13080108,,,,
3,8.57621737,,,,
5,15.07931535,,,,
5,11.3415499,,,,
4,12.4242012,,,,
5,11.69886192,,,,
4,7.25650615,,,,
4.5,15.1689331,,,,
4,5.06943235,,,,
4,10.26462962,,,,
4.8,9.21702798,,,,
1.7,4.78136271,,,,
5,18.86115435,,,,
4.6,-1.8577635,,,,
4,18.40428278,,,,
4,20.36962216,,,,
4.5,6.07864988,,,,
5,31.85046558,,,,
4,16.03785692,,,,
2,-10.6892852,,,,
4,12.77925972,,,,
2.9,-4.76277531,,,,
5,19.47906474,,,,
4.1,10.85407628,,,,
5,11.64527037,,,,
5,16.5426428,,,,
5,27.80770321,,,,
1.5,-17.40563785,,,,
4,16.23851181,,,,
4.6,17.45916774,,,,
4.8,31.26663015,,,,
4.2,8.73086924,,,,
1.5,-6.14272729,,,,
4.5,7.93096983,,,,
3.5,0.73139234,,,,
5,17.71381202,,,,
4.7,15.30597361,,,,
2.4,-16.31608519,,,,
3,-6.74202254,,,,
4.2,12.7624139,,,,
4.8,26.39909208,,,,
4,7.27888789,,,,
5,8.52873227,,,,
4,14.17177619,,,,
4.5,15.81059448,,,,
5,21.05879455,,,,
5,33.90571366,,,,
4.2,25.47208825,,,,
4,20.96078435,,,,
1,-12.7264585,,,,
1.5,2.66507559,,,,
3,4.61621303,,,,
4,14.9778441,,,,
4,18.68804473,,,,
4.5,6.5573622,,,,
3.7,2.66219897,,,,
4,3.24435453,,,,
4.1,25.71683577,,,,
3,19.87109881,,,,
5,4.52833812,,,,
3,0.92725507,,,,
5,16.2385255,,,,
3.5,3.54856616,,,,
5,27.05108914,,,,
5,33.70614758,,,,
5,17.83772689,,,,
4.2,13.70605624,,,,
3.5,1.87049595,,,,
5,4.35851664,,,,
4.5,5.39517235,,,,
5,43.9107241,,,,
2,8.50647009,,,,
3.5,12.89430925,,,,
4.5,14.46705731,,,,
1.5,6.10568673,,,,
5,9.85917369,,,,
5,10.24121068,,,,
1.5,-19.29012119,,,,
2,9.31238931,,,,
2.9,16.36284108,,,,
4.9,24.5627355,,,,
4.5,29.92557387,,,,
1.9,-14.01283376,,,,
3.5,12.97408426,,,,
4,7.93763892,,,,
3.4,21.82476175,,,,
2,-0.93367477,,,,
3,13.24523384,,,,
2.5,-0.06479871,,,,
3,-0.89456001,,,,
5,19.82199943,,,,
3,9.39509552,,,,
3.8,15.69044628,,,,
4.5,14.51805402,,,,
4.7,16.07913489,,,,
4.9,21.38752515,,,,
2,-3.09012339,,,,
4.5,23.73103907,,,,
2,-1.0202358,,,,
4.8,19.11471432,,,,
5,38.44224959,,,,
4.5,14.15559763,,,,
4.4,19.12956652,,,,
2,7.82464277,,,,
5,28.61575299,,,,
1.7,2.86796893,,,,
5,11.37635946,,,,
3.5,10.73469858,,,,
5,31.60079605,,,,
4.9,15.49904923,,,,
3.5,10.05373084,,,,
2.7,-7.95663369,,,,
2,1.41053982,,,,
2.3,-6.54820383,,,,
4.8,10.48106279,,,,
1.8,-13.3133902,,,,
5,10.52358222,,,,
5,21.67813952,,,,
4.9,23.1862506,,,,
1.5,-10.43255259,,,,
1.5,-1.75586655,,,,
5,26.89183141,,,,
2,-3.4404365,,,,
3,3.96629762,,,,
4.5,7.1666227,,,,
2.5,3.55217681,,,,
3.9,15.72351412,,,,
2.9,1.75631124,,,,
5,18.99634987,,,,
5,26.26650884,,,,
4,12.15557207,,,,
4.5,7.09040731,,,,
4.5,26.5608067,,,,
5,3.62235562,,,,
5,21.44940795,,,,
3.5,37.65961685,,,,
4.5,7.01362146,,,,
1,-16.19048146,,,,
3,0.87920719,,,,
4,10.51709781,,,,
5,26.1441837,,,,
4.4,20.79459996,,,,
4.8,39.87859651,,,,
4.8,11.13329726,,,,
4,1.77397522,,,,
3.4,4.4545009,,,,
4,26.38086185,,,,
2,-1.24803958,,,,
5,20.02411526,,,,
5,25.66673124,,,,
5,9.95371625,,,,
5,14.97026499,,,,
3.5,24.67171407,,,,
2,-9.33173012,,,,
4.5,10.43188962,,,,
3.4,23.72479067,,,,
5,15.68274046,,,,
4,4.21154836,,,,
3.9,11.96263646,,,,
4.5,16.18203273,,,,
5,22.21408649,,,,
2.1,1.45804229,,,,
5,6.80920005,,,,
1.5,21.4637558,,,,
4.6,9.28591189,,,,
2.9,14.5741716,,,,
5,12.85306495,,,,
5,24.46047834,,,,
1.5,-7.74321963,,,,
4,26.57149774,,,,
1,-13.46192084,,,,
4,15.1098512,,,,
3,7.62599972,,,,
5,7.96691376,,,,
4.7,6.65924888,,,,
2.9,-3.87565531,,,,
3.7,7.8146368,,,,
5,11.21874946,,,,
4.7,19.20013754,,,,
3.4,-0.54942998,,,,
4.7,28.36351958,,,,
3.5,15.69902633,,,,
2.9,9.2077535,,,,
4.5,5.93949559,,,,
4.1,13.40603373,,,,
5,17.38588984,,,,
5,49.51029178,,,,
3.5,4.67585414,,,,
4.2,19.83553344,,,,
5,35.8580232,,,,
1.5,9.98138867,,,,
5,16.73931827,,,,
2.8,-0.26223925,,,,
4.5,21.64813293,,,,
1.5,-0.49013036,,,,
5,21.13289984,,,,
2,6.56654871,,,,
4.2,15.28834403,,,,
5,7.38540175,,,,
4.5,24.32696419,,,,
3,3.8007824,,,,
4.6,27.443936,,,,
3.4,11.25766365,,,,
3,4.39146325,,,,
4.5,16.78950054,,,,
3.9,13.4632426,,,,
3.4,1.40206256,,,,
4,5.05030248,,,,
2.3,-5.05925059,,,,
5,18.00350789,,,,
3.5,6.70859159,,,,
4.5,35.98480557,,,,
1.5,-16.36326897,,,,
4.1,14.96048614,,,,
5,29.78373338,,,,
5,16.07729358,,,,
5,68.01070422,,,,
4.8,30.6092415,,,,
5,29.65331785,,,,
1.6,9.84261954,,,,
3.9,9.83725321,,,,
3.5,-4.30031377,,,,
4.8,41.93412928,,,,
4.5,29.30016339,,,,
4,17.64058279,,,,
4.5,36.6966581,,,,
4,6.06152093,,,,
4,16.89194995,,,,
4.3,15.43087891,,,,
5,15.41142773,,,,
5,23.47371962,,,,
5,19.39728258,,,,
5,16.54034816,,,,
4,8.14999208,,,,
3.5,28.15352425,,,,
4.5,16.17896675,,,,
4,21.75305037,,,,
4.5,18.77472269,,,,
4.5,2.91287787,,,,
5,24.91355415,,,,
5,11.38401339,,,,
5,9.06490856,,,,
5,13.06113939,,,,
5,24.54223388,,,,
3,17.17079805,,,,
5,16.78647017,,,,
5,7.06097274,,,,
3,14.90329582,,,,
3.8,-0.96677264,,,,
4.5,24.53617423,,,,
3.5,-8.61858113,,,,
4.3,11.63767871,,,,
3.6,-7.98194619,,,,
3.7,30.19004229,,,,
5,13.98179943,,,,
5,22.10425147,,,,
2,-4.35846414,,,,
5,21.99348393,,,,
1,3.2556359,,,,
5,12.5929083,,,,
4.6,14.79964673,,,,
5,19.75228878,,,,
5,3.62235562,,,,
1.5,-47.81708965,,,,
5,7.74585237,,,,
5,23.23676407,,,,
5,15.15600636,,,,
2.5,-3.58911796,,,,
1.5,-5.16583297,,,,
2.2,-4.49064109,,,,
5,46.64767827,,,,
3.7,20.68850657,,,,
4.5,11.03546841,,,,
2.6,1.86611994,,,,
1.6,-4.98370742,,,,
1.5,-10.93643398,,,,
5,14.11166249,,,,
5,15.11617376,,,,
4.7,30.69554232,,,,
5,32.3346181,,,,
1.5,-10.53734867,,,,
2,0.21575902,,,,
4,17.66537671,,,,
5,21.12176514,,,,
2.6,4.58517897,,,,
2,-5.72132606,,,,
4,8.33670346,,,,
4.8,19.23562886,,,,
5,32.50288371,,,,
4.4,14.66089059,,,,
4.1,12.26171146,,,,
4,10.36392856,,,,
4.4,9.97321473,,,,
4,5.71071878,,,,
5,28.84084358,,,,
5,5.38288975,,,,
4,13.16655648,,,,
4.5,7.15760178,,,,
4.9,18.70944154,,,,
3,13.76232334,,,,
5,7.94907526,,,,
4.9,16.82842952,,,,
4,4.55942566,,,,
5,21.56660074,,,,
5,20.73934541,,,,
4.2,10.17656352,,,,
5,17.45029583,,,,
3,7.9669024,,,,
3.5,24.03038387,,,,
4.9,26.58683102,,,,
1.5,-0.16011637,,,,
5,10.93578112,,,,
5,9.88346045,,,,
4.2,17.11287944,,,,
1.5,-5.200275,,,,
3,-1.35612115,,,,
5,42.12737069,,,,
5,0.26395485,,,,
3.2,4.86909482,,,,
3,22.5970003,,,,
5,28.38961688,,,,
5,15.36594834,,,,
1.5,-13.16132649,,,,
4.5,9.32934368,,,,
1.5,-18.84666391,,,,
3.5,13.99140262,,,,
1.5,-12.97554436,,,,
5,6.33495488,,,,
4.6,29.24043969,,,,
3,5.24820313,,,,
1.5,3.0931796,,,,
3.5,8.60315965,,,,
5,15.42497629,,,,
5,26.49196899,,,,
4.5,23.55368096,,,,
5,15.86802257,,,,
4.1,16.64103942,,,,
5,27.07702022,,,,
2,16.84019087,,,,
4.9,4.44922819,,,,
4,9.49212977,,,,
3,15.71967098,,,,
1.9,1.43030091,,,,
4.3,12.56204186,,,,
5,22.3279726,,,,
2,-0.8315221,,,,
4,-5.24280766,,,,
1.5,-4.79249222,,,,
5,6.53250626,,,,
5,25.87138473,,,,
5,31.44173895,,,,
2,-2.42441667,,,,
5,16.47603764,,,,
5,13.98137511,,,,
4,-6.05414459,,,,
5,32.00975545,,,,
5,15.22688229,,,,
2,-0.41928045,,,,
2,-8.32682442,,,,
4,16.31802387,,,,
5,22.48279529,,,,
3,6.69403284,,,,
5,8.44960475,,,,
4.5,22.45518714,,,,
3.5,16.51618674,,,,
3,-1.34939184,,,,
1.5,-13.51451837,,,,
3.5,4.49328556,,,,
4.5,12.23342742,,,,
3.5,0.03054247,,,,
4.5,9.81177853,,,,
5,27.37556706,,,,
1.5,7.63604033,,,,
5,-0.85453906,,,,
5,6.23507986,,,,
5,-3.91412164,,,,
3,5.221225,,,,
1.5,-6.28781901,,,,
1.5,2.8048352,,,,
3.5,0.61515974,,,,
4.5,28.52448413,,,,
1.5,-12.25806207,,,,
4.5,13.7933167,,,,
5,18.78400103,,,,
4,21.8132164,,,,
5,7.91661321,,,,
4.5,28.40814751,,,,
5,11.55208243,,,,
2,-6.27584511,,,,
2.4,0.34016666,,,,
4.5,-1.97115467,,,,
3,21.76539212,,,,
4.4,28.99443748,,,,
4.5,12.20373886,,,,
3.5,21.94977299,,,,
3.5,27.15700406,,,,
3,8.58355398,,,,
5,22.66531817,,,,
4,18.28267144,,,,
2,1.69451651,,,,
4.7,18.67190745,,,,
1.5,46.15098189,,,,
5,8.26056831,,,,
5,12.44648504,,,,
1.5,-23.40195376,,,,
5,18.65852099,,,,
4,14.35051584,,,,
2.5,5.25870193,,,,
1.5,-9.16296709,,,,
3.9,14.91821423,,,,
4.5,18.01660856,,,,
4.5,9.88330149,,,,
4,13.20127529,,,,
5,20.51409985,,,,
3.5,9.74013775,,,,
5,28.72350887,,,,
5,27.0328747,,,,
5,15.36844233,,,,
4.5,24.93170156,,,,
5,30.2997218,,,,
5,22.62147763,,,,
5,12.50691142,,,,
3,-7.91646082,,,,
2.6,-23.26434646,,,,
3.8,3.33773085,,,,
5,19.27410132,,,,
4.5,15.29526229,,,,
5,31.84028993,,,,
3.7,7.54017547,,,,
4.4,-3.38124113,,,,
2,-15.06133968,,,,
4.5,11.22191275,,,,
5,17.3045097,,,,
4.5,23.78845194,,,,
5,14.55208808,,,,
5,8.47691035,,,,
3.5,19.56454955,,,,
2,-1.84774576,,,,
5,10.82312939,,,,
4.3,25.27169654,,,,
3,-5.93229249,,,,
1.5,-8.5999141,,,,
3,4.62803526,,,,
3,2.22312275,,,,
3,0.87890438,,,,
2,1.25668907,,,,
4.6,16.21561322,,,,
3.5,14.1641797,,,,
4.4,26.94649371,,,,
5,25.13573533,,,,
4.8,20.14202862,,,,
4,3.06412766,,,,
5,31.98166494,,,,
4,24.1478159,,,,
4.4,12.21179163,,,,
5,23.62982493,,,,
5,32.75605865,,,,
1.5,-13.56114129,,,,
4.6,16.55502521,,,,
4.5,6.12427356,,,,
5,15.99002687,,,,
2,-10.49262259,,,,
4.5,12.37992622,,,,
3.5,11.7595055,,,,
4.3,26.52280588,,,,
4.6,16.68149159,,,,
2.8,17.00862145,,,,
4,-1.11805547,,,,
5,18.99128006,,,,
2.5,2.27987994,,,,
4,12.93766218,,,,
4.3,29.23529005,,,,
4,22.0794784,,,,
2,4.98470854,,,,
1.5,-15.35523448,,,,
4.3,13.55536022,,,,
2,1.26917014,,,,
4,13.95880798,,,,
1.5,4.00717697,,,,
3.8,3.50529823,,,,
5,30.64870799,,,,
5,31.10493474,,,,
5,12.74990904,,,,
5,50.72237989,,,,
4.2,14.73540966,,,,
4.4,33.14077325,,,,
5,20.30141677,,,,
4.3,8.79700157,,,,
2.2,0.36818852,,,,
3.5,8.68199304,,,,
5,29.34974279,,,,
4.8,42.35920122,,,,
4.9,18.02118425,,,,
4.1,21.56022021,,,,
5,21.74762274,,,,
4,3.33435823,,,,
4,-3.47864157,,,,
4.4,7.85814745,,,,
2,12.22541635,,,,
2,-2.2597132,,,,
4.5,29.35925876,,,,
4.5,16.68736402,,,,
3,-4.1954677,,,,
1.5,0.0944992,,,,
3.5,7.30782763,,,,
2.2,1.547834,,,,
5,21.9625455,,,,
5,7.02147286,,,,
4.4,29.52506701,,,,
1.5,-25.51742262,,,,
4.5,11.99219145,,,,
4,9.27116714,,,,
5,11.23214618,,,,
3,1.10214019,,,,
4.5,24.86846601,,,,
3.1,-6.462162,,,,
5,1.28656834,,,,
4.3,10.8021287,,,,
3,28.80409005,,,,
4,36.48257931,,,,
4.5,19.80830771,,,,
4.7,22.16528906,,,,
4.8,25.60615067,,,,
3,-4.50804727,,,,
5,40.32198322,,,,
1.5,-10.17635114,,,,
3.6,10.39992779,,,,
1.5,-17.4849232,,,,
2,2.81695478,,,,
1.8,3.69225142,,,,
4,18.99567863,,,,
4.5,33.14830182,,,,
3,10.18629034,,,,
3.2,-25.36872061,,,,
2.4,3.95768175,,,,
5,15.16680736,,,,
4.6,20.17559803,,,,
3.2,-3.74822852,,,,
5,9.36912616,,,,
3.5,42.55103272,,,,
3.4,9.99303872,,,,
5,38.08809336,,,,
2.8,-5.39314688,,,,
5,18.95553907,,,,
4.6,16.98080316,,,,
5,33.55071461,,,,
2,0.5814353,,,,
4.7,0.80189246,,,,
4.4,0.30826385,,,,
4.8,8.9301611,,,,
5,29.34960469,,,,
1,-6.47056769,,,,
5,14.88049159,,,,
2.5,-19.54049623,,,,
3.7,4.85024719,,,,
4,22.24036892,,,,
3,3.57776865,,,,
5,6.28487583,,,,
3.8,10.38055446,,,,
4,12.02920959,,,,
4.5,22.23124919,,,,
5,36.322761,,,,
5,34.75085197,,,,
5,9.80029485,,,,
4.8,24.0956636,,,,
5,19.64687704,,,,
5,28.280597,,,,
5,25.49730578,,,,
4.2,21.40129999,,,,
5,19.13649944,,,,
4.8,13.60454059,,,,
1.5,-6.43136368,,,,
4,19.23045295,,,,
5,6.10318358,,,,
4,11.65633516,,,,
5,28.74374275,,,,
5,7.87266499,,,,
3.7,14.4524116,,,,
3.6,17.95652312,,,,
3.6,-3.61900926,,,,
4,19.78533098,,,,
2.8,9.2987905,,,,
4.6,25.73337684,,,,
5,16.23074265,,,,
4,14.24514007,,,,
4,21.94772889,,,,
5,17.37830178,,,,
4,21.14007079,,,,
2.8,-7.25894855,,,,
3,3.10514141,,,,
1.5,2.62326239,,,,
3,3.31446862,,,,
5,39.90480087,,,,
4,22.77741707,,,,
4,-3.41158854,,,,
5,21.21649504,,,,
5,14.8124794,,,,
4.5,1.71008344,,,,
4.3,14.87757013,,,,
5,1.4454934,,,,
4.9,15.68381306,,,,
4,3.04248874,,,,
5,3.22705177,,,,
4,8.10937103,,,,
4,3.04248874,,,,
3,3.11089394,,,,
4.3,17.7639059,,,,
1,-12.38570306,,,,
5,21.93645181,,,,
2,-6.31386258,,,,
1.5,-5.34678565,,,,
5,34.50900712,,,,
2.1,-3.81934461,,,,
4.2,14.54969119,,,,
4.2,28.68555321,,,,
4.3,18.29152437,,,,
5,15.86571883,,,,
4,28.85576777,,,,
4.4,13.96916168,,,,
1.8,-5.75611424,,,,
3.1,6.95243994,,,,
4,12.81378564,,,,
3,3.76411127,,,,
4.6,29.38064328,,,,
4.4,23.79180681,,,,
4,6.28504177,,,,
4.7,15.32181338,,,,
3,-1.84873298,,,,
3.4,1.83421763,,,,
4.5,6.71904731,,,,
4,9.16958011,,,,
4.9,5.93164083,,,,
1.9,-3.28152796,,,,
4.7,16.39759869,,,,
4.5,16.10932662,,,,
5,21.72496472,,,,
4,17.60275763,,,,
4.5,5.05936201,,,,
4.5,18.17011793,,,,
5,20.34472031,,,,
3.5,7.22578211,,,,
3.2,7.61255093,,,,
4.5,21.9996842,,,,
5,13.74129674,,,,
4.5,7.52599897,,,,
4.5,14.309513,,,,
4.7,9.10904226,,,,
5,22.66490321,,,,
5,20.69128347,,,,
5,24.9243345,,,,
3.5,15.59354798,,,,
5,2.5642724,,,,
2,11.71251587,,,,
4.3,15.8141238,,,,
3.7,3.76856633,,,,
2.5,16.21531881,,,,
3,-10.74278097,,,,
4.5,16.84641387,,,,
1.5,2.36372343,,,,
5,12.30026322,,,,
4,5.28741088,,,,
4.3,15.19522573,,,,
1,-4.26994806,,,,
4,-1.73159404,,,,
4.9,13.36401117,,,,
5,20.31547775,,,,
4.5,34.70982236,,,,
5,11.77401317,,,,
4.5,0.18496254,,,,
5,20.00183847,,,,
2.9,6.43627598,,,,
3.7,4.39160671,,,,
4.4,7.11376197,,,,
5,12.9824455,,,,
1,-1.8525539,,,,
2.5,1.35273339,,,,
2.4,11.55721949,,,,
4.9,14.46355646,,,,
4.5,4.86295228,,,,
5,15.48712534,,,,
5,10.69006259,,,,
5,16.77624161,,,,
4.3,1.44482004,,,,
4.6,11.28034023,,,,
5,17.00912868,,,,
5,19.87484943,,,,
5,30.80923456,,,,
4.7,18.82239373,,,,
4.5,23.05380672,,,,
5,11.19141653,,,,
5,13.76339875,,,,
2,-11.99039473,,,,
2.4,4.80523906,,,,
4.8,14.22270593,,,,
4.6,9.04451523,,,,
4.3,20.71509789,,,,
4,3.5054908,,,,
4.4,9.17260109,,,,
4.6,26.24971877,,,,
4.8,9.86599608,,,,
3,-8.08774051,,,,
4.3,-2.5889305,,,,
1.5,-13.16008831,,,,
5,12.96246821,,,,
5,15.38574399,,,,
5,20.2507936,,,,
2.9,-5.85717536,,,,
5,3.98652568,,,,
4.7,19.36454237,,,,
4.8,37.27611837,,,,
4.8,21.42768249,,,,
5,29.25601276,,,,
3.5,8.70377046,,,,
2,3.45931439,,,,
5,19.04815956,,,,
4,15.71214132,,,,
4.8,35.5145266,,,,
5,5.86112301,,,,
3.7,13.61098614,,,,
2.9,5.07402986,,,,
4,14.70213765,,,,
3,3.36984437,,,,
5,26.11171748,,,,
1.5,-19.88433849,,,,
2.5,2.53588812,,,,
4,14.773238,,,,
4.5,13.26073441,,,,
5,27.39161938,,,,
5,20.22261796,,,,
4.2,22.46919704,,,,
3.1,6.70080713,,,,
1.5,2.44583931,,,,
4.5,104.24349555,,,,
4.5,22.32940394,,,,
4.1,27.83856277,,,,
4.1,25.00588586,,,,
5,54.71897162,,,,
1,2.67752592,,,,
5,12.19711917,,,,
5,35.24878789,,,,
4,22.8700223,,,,
4,15.95920467,,,,
5,30.98896179,,,,
5,52.43675551,,,,
3.2,10.20578296,,,,
3,13.68721311,,,,
2.9,16.3054573,,,,
1,13.63532942,,,,
4,29.00539472,,,,
5,49.59684605,,,,
5,24.89832671,,,,
4,9.22836536,,,,
5,10.19624163,,,,
1.5,4.96553152,,,,
1.5,-5.61438451,,,,
4.5,14.41491479,,,,
5,23.72172013,,,,
3.5,8.13393011,,,,
5,17.4824654,,,,
4,11.05191699,,,,
3.9,19.03392353,,,,
1.5,2.09705491,,,,
5,31.71844664,,,,
3.5,14.29957477,,,,
4,9.79231946,,,,
4,12.84126497,,,,
2,5.47854,,,,
4.5,17.47645782,,,,
5,25.68065601,,,,
4,51.87633999,,,,
1.6,2.22598328,,,,
5,3.81971709,,,,
5,25.5633289,,,,
4.8,22.96959891,,,,
2.1,5.02713767,,,,
3.5,16.28886241,,,,
4.5,30.19681404,,,,
3.5,15.94573166,,,,
4.5,11.32659627,,,,
3.7,11.61463049,,,,
4,8.77833595,,,,
3.9,6.8192956,,,,
2.5,6.00778873,,,,
4,4.11560517,,,,
4,-1.44092276,,,,
5,42.69060107,,,,
4.5,13.12159156,,,,
4.3,7.98075388,,,,
1.7,-3.90907443,,,,
3.8,24.44183811,,,,
3,-18.28734077,,,,
1.5,-6.16963892,,,,
1.5,-18.60826551,,,,
5,31.62059682,,,,
4.4,1.54500223,,,,
1.7,-11.81287182,,,,
4.3,8.9642927,,,,
5,9.90654981,,,,
2.9,6.04440477,,,,
5,19.54331308,,,,
2,5.33899982,,,,
1.5,-8.52504476,,,,
4,13.68472819,,,,
5,18.42130885,,,,
3,4.13198203,,,,
4.9,18.467627,,,,
1.5,-7.76470181,,,,
4.4,14.83109504,,,,
4.5,15.83664316,,,,
1.5,-9.33180102,,,,
5,23.89717994,,,,
5,14.76734312,,,,
5,38.84980171,,,,
5,32.05480884,,,,
4,24.04053848,,,,
4.5,4.50159169,,,,
4.3,32.81397098,,,,
4.7,28.45476586,,,,
5,14.81838845,,,,
2.4,31.22691728,,,,
4.5,10.22002317,,,,
3,0.30548712,,,,
4.1,37.66283743,,,,
4,25.30829439,,,,
1.8,-6.02636405,,,,
4.4,22.38511571,,,,
3,6.85311188,,,,
3.7,9.87498554,,,,
4,6.6762229,,,,
4,34.59515047,,,,
2,9.2507836,,,,
4.5,11.37508546,,,,
4.3,45.20525697,,,,
4,42.84802303,,,,
1.5,-2.55841828,,,,
2.7,-5.42747526,,,,
5,27.97866167,,,,
5,41.91949949,,,,
1.5,17.3537334,,,,
3.8,1.14758583,,,,
4.7,32.08544931,,,,
3.7,12.19367867,,,,
5,20.84514102,,,,
5,34.51702566,,,,
5,14.59505454,,,,
2.9,0.77723434,,,,
2.9,3.30139896,,,,
5,39.87859204,,,,
2,8.76117176,,,,
4.7,18.95475854,,,,
5,14.29032615,,,,
2,0.50595634,,,,
4,0.81951435,,,,
4,19.22677522,,,,
4.9,32.32264088,,,,
4,22.10900557,,,,
3.8,16.37065921,,,,
5,14.96963194,,,,
1.5,-3.85086866,,,,
5,6.32613869,,,,
3.8,15.20211259,,,,
5,24.33266781,,,,
4.7,15.16295187,,,,
1.5,4.16962562,,,,
5,12.53257823,,,,
2,-4.7714334,,,,
5,12.04182773,,,,
1.5,-4.37831106,,,,
4.8,37.93687809,,,,
5,9.75152624,,,,
4.5,4.58512989,,,,
4,12.1950292,,,,
4.8,17.72665256,,,,
4.2,21.02889549,,,,
4,9.7851691,,,,
3,4.44694622,,,,
5,20.63622276,,,,
5,25.40572956,,,,
4,13.62889429,,,,
4.5,6.77872567,,,,
2,8.37600929,,,,
1.5,-0.0635211,,,,
4.6,11.43744456,,,,
4,16.76942519,,,,
4.5,21.26751233,,,,
4,10.00018119,,,,
5,12.09564886,,,,
4.5,36.87129637,,,,
4.4,5.86542254,,,,
4.4,19.12885124,,,,
4.5,22.08519694,,,,
4.6,17.67474408,,,,
4.5,29.82730104,,,,
1.5,-13.73736519,,,,
3.5,5.34540901,,,,
2,-11.92523958,,,,
5,8.90679531,,,,
3.9,5.26229676,,,,
5,18.10884057,,,,
3.7,4.22896371,,,,
5,22.63346018,,,,
4,15.46809641,,,,
5,22.06447418,,,,
3.4,0.00801322,,,,
5,28.41979041,,,,
2,-12.04220136,,,,
3.8,4.55382384,,,,
3.6,2.0986584,,,,
4.5,19.62611414,,,,
5,10.24782452,,,,
5,15.91062326,,,,
1.5,6.84755036,,,,
4.5,19.48282035,,,,
4.2,17.57110946,,,,
2.8,6.22159312,,,,
5,11.17239629,,,,
3.7,5.75048564,,,,
5,22.62028938,,,,
4.4,16.2107994,,,,
5,8.33360697,,,,
5,9.95189453,,,,
5,10.38492923,,,,
4.6,11.09185288,,,,
1.5,-13.50677411,,,,
4.9,7.05081166,,,,
4.6,12.81394752,,,,
3.9,5.68213555,,,,
5,32.19635567,,,,
3.6,16.05789975,,,,
4,14.12295149,,,,
4.5,18.4319194,,,,
4,18.41297299,,,,
1.7,-2.91824044,,,,
4.5,18.75338569,,,,
3.6,6.96294437,,,,
5,10.05558069,,,,
4,11.40144281,,,,
4,19.71380392,,,,
4.3,37.07623098,,,,
3,4.22104364,,,,
5,18.67637137,,,,
4.5,24.32701604,,,,
3.8,11.46163363,,,,
5,16.71704896,,,,
2.1,-3.55021032,,,,
4,24.53349757,,,,
3.3,16.54391624,,,,
1.5,7.65288555,,,,
5,34.3597186,,,,
3.5,11.87249128,,,,
5,28.50287016,,,,
1.5,7.49560979,,,,
5,18.18873432,,,,
5,28.16510104,,,,
4,19.97394589,,,,
3.6,21.43979702,,,,
4.2,11.67192789,,,,
1.5,-2.16167324,,,,
3,19.75746859,,,,
2,-16.22604453,,,,
1.5,2.80799607,,,,
4.7,11.87326722,,,,
2.2,-1.20927681,,,,
4,3.90438564,,,,
3.9,7.82307536,,,,
4.2,25.16039679,,,,
2,-0.59211128,,,,
3,16.39880719,,,,
3.5,9.53043223,,,,
3,1.59340654,,,,
3,18.49485457,,,,
5,16.05519356,,,,
2.4,-15.47837152,,,,
4.6,18.4202754,,,,
1.5,9.80785775,,,,
2,-12.07796297,,,,
5,36.25480587,,,,
1.5,-9.64170924,,,,
4,31.44191272,,,,
4.5,17.22850794,,,,
4.4,21.37965498,,,,
5,27.28339939,,,,
2,8.52255385,,,,
5,40.9755214,,,,
2,12.43065992,,,,
3,8.97847897,,,,
2.8,-0.58129047,,,,
5,30.05358104,,,,
4,17.5376053,,,,
2,-2.82937724,,,,
4,22.06829816,,,,
1.5,-2.03187153,,,,
4.8,8.0395496,,,,
5,24.07710829,,,,
4.5,8.46565808,,,,
3.5,6.95567789,,,,
2.1,-5.57391589,,,,
3.5,16.03943621,,,,
2,4.6195677,,,,
5,30.95752343,,,,
5,34.89895541,,,,
5,9.45260931,,,,
4.8,8.70369421,,,,
5,25.50299368,,,,
4.5,10.34328011,,,,
3.5,9.7132229,,,,
5,18.12803056,,,,
4,16.00100162,,,,
3.4,9.3958885,,,,
1.5,-10.87190591,,,,
4.5,28.56412037,,,,
4.7,29.94668274,,,,
4.6,8.56117456,,,,
5,10.52364113,,,,
5,15.26605293,,,,
5,15.90798765,,,,
4,18.6457249,,,,
4.5,15.08958077,,,,
5,21.64433429,,,,
4.5,17.89713781,,,,
1.5,-6.94286113,,,,
4.5,24.38210848,,,,
4.7,6.50380382,,,,
5,27.63421744,,,,
4,25.36703576,,,,
5,17.0599528,,,,
5,7.35031581,,,,
1.5,-7.44230429,,,,
4.3,25.0672605,,,,
3,4.0373564,,,,
4,13.69168396,,,,
3.9,22.11526559,,,,
5,-1.33430263,,,,
3.5,22.57286563,,,,
1.5,-2.23679887,,,,
3.7,13.40910855,,,,
5,31.59904721,,,,
4.8,9.25308096,,,,
5,27.89182699,,,,
4.5,9.58097506,,,,
1.7,-12.73443198,,,,
4.5,23.40806847,,,,
4.5,33.78354816,,,,
1.5,-1.35705894,,,,
4,15.31824844,,,,
5,23.42065109,,,,
3.5,14.84913506,,,,
5,19.68947966,,,,
4.4,6.04798666,,,,
4.3,34.53409989,,,,
3.8,13.89421792,,,,
5,20.20258758,,,,
4,18.65249705,,,,
5,8.17841569,,,,
4.5,8.82125019,,,,
4.5,15.07696461,,,,
5,7.6010372,,,,
4.5,7.59202117,,,,
5,14.08410514,,,,
3.8,8.55049121,,,,
4.7,10.67480658,,,,
4.5,38.95931308,,,,
4,11.36033755,,,,
4.5,15.73400016,,,,
5,37.60292408,,,,
3,8.73519103,,,,
1.5,3.31508476,,,,
4,16.61123884,,,,
5,9.94770496,,,,
4.3,26.70413999,,,,
5,12.39087582,,,,
4,7.92322952,,,,
2.8,19.29790009,,,,
5,57.48436383,,,,
4.4,12.52833487,,,,
5,21.09114592,,,,
4,27.03028653,,,,
5,3.62235562,,,,
5,27.69803453,,,,
1.5,-10.22536257,,,,
4.4,5.2789705,,,,
5,34.92628024,,,,
4.1,8.06453598,,,,
4,27.32382961,,,,
3,4.78126427,,,,
5,22.65631127,,,,
4.5,29.00471148,,,,
4,23.83948699,,,,
3.5,0.58470974,,,,
4,29.6446173,,,,
5,44.146482,,,,
4,14.34499804,,,,
4.6,6.42722033,,,,
5,28.92885939,,,,
3,21.12650639,,,,
3.8,-1.1171796,,,,
5,16.6378071,,,,
4.8,21.71797962,,,,
4,6.65462562,,,,
4.1,-0.17828527,,,,
5,19.53468603,,,,
3.7,18.00328767,,,,
4,7.9768236,,,,
5,34.47457371,,,,
2.1,-0.40847681,,,,
1.5,-11.82258402,,,,
4,6.14290966,,,,
3.8,5.62960139,,,,
1.5,-9.46882601,,,,
1.5,6.22529184,,,,
3.9,28.77362006,,,,
1.5,-20.91785251,,,,
4.5,34.25318243,,,,
3.5,4.60595297,,,,
5,15.55712405,,,,
4,32.69317952,,,,
5,17.51542531,,,,
3.6,6.4550234,,,,
5,30.33358307,,,,
3,0.938573,,,,
1.5,-18.65987364,,,,
4.5,19.30401989,,,,
2,-9.37493901,,,,
5,13.89941614,,,,
5,22.09006278,,,,
3.7,0.45848054,,,,
2.5,18.35544366,,,,
5,23.66725476,,,,
4,9.59314354,,,,
1.5,-16.07345922,,,,
4.1,12.22632874,,,,
5,37.58369389,,,,
5,14.38261995,,,,
4.1,9.15536394,,,,
3,2.27512983,,,,
4,1.98897904,,,,
5,23.67244408,,,,
4.8,20.11864242,,,,
1.5,-3.17573404,,,,
4.5,4.79306608,,,,
4.6,17.21806775,,,,
3.4,-5.51728136,,,,
1.5,-31.86723599,,,,
4,7.27444101,,,,
4.5,24.70396606,,,,
1.5,3.69126226,,,,
4.5,19.37763221,,,,
3,1.26876501,,,,
5,9.54973609,,,,
3.7,17.69187112,,,,
3.1,13.47419708,,,,
5,16.53447815,,,,
3,-15.93539271,,,,
5,25.16171382,,,,
5,7.00261986,,,,
5,35.60050653,,,,
4.2,15.69470578,,,,
1.5,-19.39825839,,,,
2,5.89023463,,,,
1.5,-9.39048203,,,,
5,41.23120281,,,,
4.5,5.3404859,,,,
5,32.0879745,,,,
3.5,10.92286436,,,,
4,14.05236839,,,,
4.8,29.89415475,,,,
4.8,3.90964895,,,,
5,48.16091484,,,,
3.3,9.62516216,,,,
5,23.35520512,,,,
3,8.31621788,,,,
3.9,38.31944105,,,,
4.8,24.18826877,,,,
2.2,-19.44827103,,,,
3.9,5.97260697,,,,
2,-20.60681795,,,,
3.2,4.43451556,,,,
3,1.04621787,,,,
3.8,9.9605616,,,,
4.9,8.70060088,,,,
5,38.54770095,,,,
5,2.95516691,,,,
4.3,15.54089871,,,,
5,28.5728783,,,,
5,32.1380512,,,,
4.3,21.5455803,,,,
4.2,25.17959636,,,,
4.5,27.52611844,,,,
1,-2.64233633,,,,
2,-2.49549253,,,,
3.4,5.85500661,,,,
5,31.08972937,,,,
1.9,14.45164987,,,,
4,7.96483705,,,,
4.3,27.02636003,,,,
4.9,18.89778536,,,,
3.5,-1.15780074,,,,
4,23.14071754,,,,
4.5,15.00702544,,,,
4.5,30.58381128,,,,
5,2.60485493,,,,
5,13.32091096,,,,
3,28.15976257,,,,
5,26.10896612,,,,
4.5,9.02638606,,,,
5,19.8934656,,,,
4.5,22.09505773,,,,
4.5,19.36038065,,,,
5,33.2739425,,,,
2,-1.49206058,,,,
5,14.63507761,,,,
5,15.12263456,,,,
5,17.95743958,,,,
3.6,22.41605703,,,,
4,19.36595616,,,,
5,22.10757064,,,,
5,7.22461281,,,,
1.6,-1.65096075,,,,
4.8,7.04381999,,,,
1.5,3.18323426,,,,
2.5,17.09553862,,,,
2.9,-2.466717,,,,
4.8,18.01128076,,,,
3,-12.33906622,,,,
4.5,27.24295509,,,,
4,-1.22362187,,,,
5,34.46234208,,,,
5,8.86825074,,,,
3.2,15.05635984,,,,
4,12.42357995,,,,
5,11.49830414,,,,
4.1,14.32624376,,,,
4.5,16.99073827,,,,
3.5,0.09692343,,,,
3.9,2.49806389,,,,
3.9,4.54519646,,,,
4.5,8.52828894,,,,
3.6,3.73544028,,,,
4,19.94354955,,,,
2,0.43617112,,,,
1.6,-13.81299661,,,,
4.7,15.99551873,,,,
1.5,-5.33101233,,,,
4.9,18.71394198,,,,
4.5,8.01040785,,,,
5,5.19100878,,,,
3.9,1.60362171,,,,
5,22.18637439,,,,
4.9,5.17893938,,,,
4.8,15.40675414,,,,
2,-4.19079664,,,,
4.7,11.78186343,,,,
1.5,-2.38440168,,,,
4.2,9.66127297,,,,
3.2,-3.98901569,,,,
3.4,-0.17983741,,,,
3.1,5.75603966,,,,
3,-14.12661432,,,,
1.5,-2.84209262,,,,
5,22.11111428,,,,
5,22.75371464,,,,
1.6,-4.13321632,,,,
2,8.46643352,,,,
3,2.5073472,,,,
5,20.85800796,,,,
4.5,14.92348693,,,,
4,17.80076625,,,,
5,44.58157166,,,,
4.5,21.49169772,,,,
4,24.16730823,,,,
4,7.2229227,,,,
3,12.37025496,,,,
4.5,27.82003538,,,,
5,29.10576744,,,,
1,-3.39792931,,,,
5,5.36219182,,,,
5,37.45065179,,,,
4.5,7.19870185,,,,
5,31.91103021,,,,
4,25.30376516,,,,
2,-1.7537099,,,,
3,-5.61194572,,,,
5,18.44018433,,,,
3.5,7.04284257,,,,
4,33.5056081,,,,
2,8.52163039,,,,
4,14.61660137,,,,
5,15.12603249,,,,
3,9.80747186,,,,
4,2.55938168,,,,
5,6.88291604,,,,
3,23.97096599,,,,
3,15.08912074,,,,
2.7,16.18998382,,,,
5,4.97979159,,,,
4.5,13.35397617,,,,
5,41.96669158,,,,
4,16.43939332,,,,
1.9,0.13352654,,,,
4.7,45.47710515,,,,
2,-8.74530546,,,,
4,10.22181437,,,,
4,22.83694791,,,,
3.8,3.07179176,,,,
4,23.22799484,,,,
5,25.55485368,,,,
4.5,31.93584496,,,,
2,5.19970503,,,,
2.8,4.63244165,,,,
4,23.26789035,,,,
3.5,23.79655426,,,,
5,39.10826141,,,,
5,20.11102897,,,,
5,16.60353096,,,,
4.4,18.48751415,,,,
3,-1.18187077,,,,
5,19.50727242,,,,
4.5,12.63521256,,,,
4,20.42160803,,,,
4.3,12.72397012,,,,
5,13.83181874,,,,
1.5,-33.61610091,,,,
3.5,10.4438043,,,,
3,7.38558627,,,,
2.3,11.9941732,,,,
2,-18.27739652,,,,
3.5,10.80742438,,,,
5,-0.64077787,,,,
2.5,-16.51990033,,,,
4.7,19.60748765,,,,
5,38.14194332,,,,
3.8,1.73975174,,,,
4.7,10.73353628,,,,
4,19.36974893,,,,
4.5,5.4867015,,,,
4,21.59697539,,,,
4.5,12.86743407,,,,
4.5,13.97709644,,,,
4.5,17.38216424,,,,
4.5,19.09384123,,,,
4.3,9.43456379,,,,
4.4,0.1239812,,,,
2,-0.03789781,,,,
5,66.55971663,,,,
3,4.5377563,,,,
3.5,15.82160979,,,,
4.1,7.70728596,,,,
4.5,7.24929199,,,,
5,21.61631403,,,,
5,18.49210224,,,,
1.5,-19.95592771,,,,
4,29.32299047,,,,
4.8,17.72542535,,,,
5,11.40247112,,,,
1.5,-2.59187918,,,,
4.6,35.06520024,,,,
4.5,16.06215951,,,,
4.5,7.15642338,,,,
4.7,18.64609411,,,,
5,21.31386395,,,,
4,3.93658698,,,,
5,30.29554797,,,,
4,32.21583806,,,,
4.3,12.16072618,,,,
4,20.92763361,,,,
2.1,10.41641968,,,,
3.3,19.84630321,,,,
3.8,12.40915221,,,,
1.5,0.73092134,,,,
3.8,31.28372673,,,,
5,21.86122546,,,,
3.5,32.84285292,,,,
5,28.03128639,,,,
5,19.95493021,,,,
5,36.83330709,,,,
4.7,8.2515685,,,,
5,15.07178599,,,,
2,-10.56338387,,,,
5,22.419915,,,,
4.3,28.07716095,,,,
2,6.27577842,,,,
4.9,17.57850417,,,,
4,2.12436338,,,,
1.5,-6.72506303,,,,
4.5,0.79021997,,,,
5,25.29345624,,,,
2.4,9.10475362,,,,
3.5,23.39558932,,,,
2.9,-0.54295454,,,,
3.5,-4.03931353,,,,
5,30.42494319,,,,
3.5,27.76578861,,,,
1.7,7.61205916,,,,
4,9.40312906,,,,
5,21.81663226,,,,
2.5,32.38038426,,,,
4.2,11.20227959,,,,
3.2,10.70669903,,,,
4.2,10.54950107,,,,
4,6.38919318,,,,
4,21.09877272,,,,
2.5,-2.12587901,,,,
4.8,16.63285471,,,,
4,27.45174773,,,,
4.5,34.93178527,,,,
5,33.98716896,,,,
1.5,-23.03942529,,,,
3.5,2.96926898,,,,
4.2,10.21936514,,,,
1.5,-1.38119043,,,,
2,5.55580426,,,,
3.8,15.56146501,,,,
5,22.09496143,,,,
5,30.97713536,,,,
2.8,-5.82113177,,,,
3,21.51005755,,,,
4,8.54543452,,,,
5,42.62122288,,,,
3.5,7.37407443,,,,
4,21.14742636,,,,
2,4.38860312,,,,
4.4,10.80930268,,,,
3.3,4.54105967,,,,
4.6,27.49246626,,,,
2.5,2.47075732,,,,
3.5,-0.28820035,,,,
5,6.55293135,,,,
3.3,11.26818573,,,,
1.5,-11.28454707,,,,
2.8,-0.29477337,,,,
4,22.95362719,,,,
5,33.96269565,,,,
4.8,40.9006131,,,,
3.5,42.38497238,,,,
3.8,11.47065753,,,,
2.6,-9.52472321,,,,
4,16.29443549,,,,
1.9,-0.09290657,,,,
3.5,23.26897563,,,,
4,17.99536873,,,,
3.3,8.20139573,,,,
3.4,10.42050293,,,,
3,4.23603046,,,,
3,6.36251554,,,,
1.5,-4.944874,,,,
5,27.71467457,,,,
3.5,30.26154225,,,,
2.5,-7.31970189,,,,
5,20.22970242,,,,
1.5,-13.42124338,,,,
3.4,-2.79719611,,,,
4.5,24.31319243,,,,
4.3,4.89019932,,,,
4.9,26.43469118,,,,
3.6,18.90183377,,,,
2,11.67816741,,,,
4,26.10552023,,,,
5,41.54106839,,,,
4.9,23.35519355,,,,
2,-3.18185507,,,,
3.5,28.84521446,,,,
4.6,21.92903245,,,,
4,17.82922977,,,,
5,26.81149294,,,,
4.5,25.46684366,,,,
2,-15.85793926,,,,
4,8.74213583,,,,
4.4,15.02721128,,,,
2,3.13993599,,,,
2,-19.4785612,,,,
4.3,22.50079825,,,,
4.5,7.58940529,,,,
3,-2.02115583,,,,
1.5,-5.49268073,,,,
3.5,19.16891362,,,,
2,-10.82073214,,,,
1.5,-3.7429073,,,,
5,27.7684168,,,,
1.5,-17.01499169,,,,
4.5,31.64315383,,,,
4.6,35.88692805,,,,
3.5,7.11598429,,,,
3,-1.05563874,,,,
3,0.41557824,,,,
3.3,24.94511262,,,,
3.5,11.08018417,,,,
4,13.49086171,,,,
2.6,-19.25764613,,,,
5,24.73668125,,,,
3.2,1.34407304,,,,
4.5,60.69609,,,,
1.5,13.13398541,,,,
1.5,-13.61591031,,,,
1,-15.72733947,,,,
4.6,33.4587348,,,,
3,-13.67659456,,,,
4,6.67802794,,,,
5,14.06239249,,,,
5,34.622336,,,,
4.9,10.01319297,,,,
4.7,27.58643051,,,,
4.8,13.73241507,,,,
4.2,7.77316639,,,,
1.5,3.27406205,,,,
5,40.30456991,,,,
1,7.02082217,,,,
5,42.93936948,,,,
3.4,-0.81222525,,,,
5,2.8920824,,,,
1,-6.74912839,,,,
4.5,21.05050405,,,,
5,22.76829804,,,,
5,13.98098694,,,,
4.6,8.5399293,,,,
4.3,25.50034194,,,,
4,5.2024605,,,,
3.4,-14.88663347,,,,
4.5,28.88888424,,,,
5,29.19641636,,,,
4.3,13.54309575,,,,
4.6,25.50221252,,,,
5,27.10386122,,,,
4.5,28.42441903,,,,
5,14.31914529,,,,
1.6,1.76002651,,,,
4.3,16.27378383,,,,
4.5,10.51946668,,,,
2.8,-1.31325079,,,,
5,21.58398295,,,,
2,-2.43210541,,,,
4.7,23.3873809,,,,
2,-2.65616671,,,,
4.5,32.62477768,,,,
4.5,26.9123464,,,,
1.5,-6.65813787,,,,
4.9,21.41596677,,,,
4,16.60689848,,,,
4,11.97837676,,,,
2.1,0.75427347,,,,
3,13.80231012,,,,
3,11.10818405,,,,
2.1,-9.20150588,,,,
5,5.80503701,,,,
1.5,4.76773665,,,,
5,14.93657169,,,,
5,14.13812772,,,,
4.9,12.09622568,,,,
5,44.26163407,,,,
4.4,13.02130024,,,,
3.8,3.60834459,,,,
3,-6.10142195,,,,
1,-7.95565143,,,,
4.5,21.08007256,,,,
4.7,46.10831987,,,,
3,17.13914573,,,,
3.2,2.07228956,,,,
4.4,7.21275018,,,,
5,24.50218095,,,,
4.6,7.9110065,,,,
2.7,-2.429206,,,,
1,-19.61215013,,,,
4.8,36.15272111,,,,
5,5.79792081,,,,
5,25.76515177,,,,
3.4,22.90137558,,,,
4.5,7.30135044,,,,
1.5,-22.45303331,,,,
3,4.8962442,,,,
5,8.66140598,,,,
1.5,2.79253078,,,,
3.9,13.88136486,,,,
4.5,8.04781736,,,,
4.5,20.43285435,,,,
4.7,15.80391344,,,,
5,15.68770476,,,,
4.5,23.59641112,,,,
5,18.66846335,,,,
3.5,-1.92469003,,,,
5,28.1386961,,,,
4.5,24.34128099,,,,
3.8,17.7428115,,,,
2,5.35090592,,,,
3.3,6.3170657,,,,
3.8,8.48166159,,,,
3.5,19.58624917,,,,
4,21.75557634,,,,
5,20.74369423,,,,
3.5,6.30349929,,,,
5,9.51179933,,,,
2.8,4.25914587,,,,
4.8,21.82817043,,,,
4,28.327617,,,,
3.5,21.17546182,,,,
4,3.42088523,,,,
4.5,26.81228897,,,,
5,23.59998658,,,,
2.2,6.56075225,,,,
5,3.78978318,,,,
5,23.99816533,,,,
4.3,8.8707429,,,,
4.5,28.6942208,,,,
5,28.00806936,,,,
4.7,17.73972795,,,,
5,23.30084534,,,,
1.5,3.24486319,,,,
1.5,2.39460632,,,,
2,-7.54247058,,,,
4.1,12.26216188,,,,
4,25.00622007,,,,
5,30.27901307,,,,
4,22.94795968,,,,
3.5,3.3057645,,,,
3.6,4.3347716,,,,
4.5,33.35281118,,,,
3.6,7.23584507,,,,
4,-0.96950166,,,,
4.3,13.12839692,,,,
4.3,25.66768694,,,,
3.5,9.42907532,,,,
3,-1.40924902,,,,
3,-12.09668054,,,,
1,-1.96795114,,,,
3.3,20.64947696,,,,
5,24.51082255,,,,
1.5,-0.54708805,,,,
4,20.14071279,,,,
3,7.61283621,,,,
1.5,17.83077006,,,,
5,13.85092667,,,,
4.4,20.68904489,,,,
4.5,26.92358995,,,,
5,20.76529383,,,,
3.5,25.45132661,,,,
4,4.57666986,,,,
3.8,-8.0296586,,,,
4.6,7.59842192,,,,
3,-9.94214863,,,,
3.4,15.83766237,,,,
5,18.31960487,,,,
4,16.57965937,,,,
4.1,24.25497836,,,,
4.5,17.77064452,,,,
4,-2.92901454,,,,
4.6,3.70727839,,,,
5,6.87627514,,,,
1.7,1.16189232,,,,
3.5,1.38985502,,,,
2.5,8.21490179,,,,
2,-3.88281583,,,,
4,20.94794583,,,,
4.3,42.34914412,,,,
5,18.65797102,,,,
5,35.32958656,,,,
4,-3.43651046,,,,
4.4,11.45834264,,,,
3.5,42.80577617,,,,
4,20.40567597,,,,
4,13.02436419,,,,
3,9.58505169,,,,
4.5,28.18098477,,,,
4.2,11.10854931,,,,
5,34.11779923,,,,
4.1,20.89717798,,,,
1.5,-13.05456051,,,,
3.7,18.42285444,,,,
2,21.6618741,,,,
1.5,-2.37614639,,,,
3.8,35.34168195,,,,
5,28.73726351,,,,
1.5,-6.29504446,,,,
4,21.59746653,,,,
3.7,16.37368882,,,,
2.5,-5.53658544,,,,
3,39.42738307,,,,
4.5,10.2611423,,,,
4.5,30.1375062,,,,
4,14.91937306,,,,
4.8,16.09509948,,,,
4.8,6.93002841,,,,
2.5,0.66111902,,,,
4,16.4142472,,,,
4.7,16.73076696,,,,
3.5,23.51808569,,,,
4,33.0327755,,,,
4,14.701125,,,,
4,6.321634,,,,
3.5,11.46976457,,,,
2,-7.04958122,,,,
4,14.68724626,,,,
4.5,26.96316655,,,,
4.5,33.93897057,,,,
3.5,13.1910369,,,,
4.9,14.90986709,,,,
1.5,-14.81009842,,,,
2,15.12180562,,,,
3.8,19.62250194,,,,
5,18.67691842,,,,
1.5,-5.77574173,,,,
1.5,-8.34826837,,,,
1.5,-5.00377696,,,,
2,4.73315385,,,,
5,22.34922614,,,,
3.8,15.14855739,,,,
4.7,21.98848108,,,,
1,-2.86509021,,,,
1.5,-5.01395409,,,,
4.5,27.09194139,,,,
4,11.08759282,,,,
3,-6.63043711,,,,
3,-10.01978022,,,,
4.5,29.60439312,,,,
3.5,56.49107872,,,,
4.5,19.51102055,,,,
5,16.01364571,,,,
5,21.18335056,,,,
5,29.7384444,,,,
5,24.30081592,,,,
4,22.12446325,,,,
4,25.65213329,,,,
4.5,32.27385403,,,,
4.4,13.68217421,,,,
5,31.7384577,,,,
4.8,30.96681625,,,,
4,2.73263464,,,,
1.5,3.65240128,,,,
4.5,65.31522906,,,,
5,16.71599427,,,,
1.5,2.06776769,,,,
5,12.73957223,,,,
5,36.07523007,,,,
3,11.9539639,,,,
4.3,3.52008974,,,,
4,8.31883161,,,,
1,2.16937798,,,,
3,21.52311745,,,,
3,-5.55986057,,,,
5,47.51949114,,,,
4.4,14.42530146,,,,
3.5,18.71479512,,,,
4.5,2.82337184,,,,
4.5,22.81354686,,,,
3.5,18.34235544,,,,
5,15.75970591,,,,
4,17.00498925,,,,
2.4,-4.5963185,,,,
4,14.25899252,,,,
2,5.96594659,,,,
4.4,14.51222289,,,,
4.6,35.19904264,,,,
3,24.04955825,,,,
4.3,46.06515068,,,,
1,11.47970708,,,,
3,3.33245088,,,,
3.5,17.23117769,,,,
2,6.38129507,,,,
4,11.43691711,,,,
4.4,25.38972091,,,,
1.5,-17.05063279,,,,
5,2.4590595,,,,
2.5,-1.89579657,,,,
1.7,-0.7937703,,,,
4.8,22.60470042,,,,
2,1.31819388,,,,
5,16.9877629,,,,
4,6.71538771,,,,
2.9,2.78592814,,,,
3.9,-2.63398957,,,,
3.5,-11.13318978,,,,
3.8,6.40701926,,,,
5,19.00456542,,,,
4.2,16.04152637,,,,
4.2,11.40744821,,,,
4,-2.75895734,,,,
1,-13.14455034,,,,
1.5,-8.24267586,,,,
5,45.03467564,,,,
3.2,1.46040835,,,,
4,23.59081644,,,,
4.6,11.67894757,,,,
3.4,17.48833364,,,,
4.5,19.9843399,,,,
4,16.37347816,,,,
4.5,17.03946944,,,,
5,20.05049528,,,,
4,19.68839261,,,,
4,17.44791379,,,,
5,11.16284931,,,,
5,21.48124433,,,,
4,4.2644272,,,,
5,8.07453876,,,,
2,6.59846035,,,,
5,40.06268318,,,,
4.6,16.17091336,,,,
2.5,0.39416536,,,,
5,31.90488281,,,,
3.5,20.33839889,,,,
1.5,-0.2861392,,,,
4.5,8.91900392,,,,
4.8,22.31762313,,,,
4.6,21.05104105,,,,
5,23.01896747,,,,
2.5,-3.59252378,,,,
4,12.98667492,,,,
5,25.35388276,,,,
4.8,5.25078794,,,,
4,10.13267927,,,,
4.5,10.96349966,,,,
4,8.70348937,,,,
3.5,10.53211249,,,,
2.8,14.04364093,,,,
5,9.55505829,,,,
4,21.37005116,,,,
4,17.38755822,,,,
4.9,9.34439739,,,,
4.5,29.6817223,,,,
4,2.52594759,,,,
4.6,7.58991009,,,,
4.5,33.41345427,,,,
3.5,2.60438583,,,,
2,-4.74958166,,,,
4.8,15.85880927,,,,
3,-13.43408215,,,,
3.3,18.87825976,,,,
4.5,29.14511902,,,,
4.6,16.28254554,,,,
4,34.55169366,,,,
4.4,29.35848124,,,,
4.5,-4.09520425,,,,
2,-17.29292874,,,,
3,7.8280661,,,,
5,16.56202778,,,,
4.8,11.67976531,,,,
2,-2.06161811,,,,
4,26.61950701,,,,
4.2,9.3376262,,,,
3.4,7.38649876,,,,
4.5,14.46818303,,,,
4.6,30.22987901,,,,
1.5,-1.07384102,,,,
1.5,0.95784015,,,,
3.5,20.16154702,,,,
1.5,-6.38510026,,,,
4,6.33030582,,,,
4,5.30010181,,,,
5,16.46506752,,,,
4.7,51.13236228,,,,
4.6,8.30475143,,,,
3.5,1.98184379,,,,
4.9,15.90956429,,,,
4,27.01891328,,,,
2,-12.10327387,,,,
4.5,26.58677968,,,,
3,12.97935346,,,,
3,-1.97862373,,,,
4.5,24.31389452,,,,
4.5,18.74267848,,,,
5,38.84669408,,,,
5,25.02075698,,,,
5,27.39971579,,,,
4.5,6.48739269,,,,
5,13.14800785,,,,
2.2,-5.95705236,,,,
4,40.09256755,,,,
4,32.34195222,,,,
4.9,18.04906439,,,,
4.1,28.34065026,,,,
5,22.52199428,,,,
4.5,7.19791557,,,,
3.5,7.03916064,,,,
4,21.50801933,,,,
4.5,14.81822003,,,,
3,6.98315674,,,,
4.8,36.27370166,,,,
3,22.63910868,,,,
4.9,46.80057566,,,,
4,57.38873639,,,,
4,13.2665595,,,,
4,7.28290595,,,,
5,19.47095501,,,,
4.4,19.9216477,,,,
3.5,12.46929057,,,,
4.8,19.05382389,,,,
3,9.59765115,,,,
3.9,3.23208946,,,,
3.5,8.50769976,,,,
4,12.20844304,,,,
5,12.35473058,,,,
5,34.70665361,,,,
5,17.56455312,,,,
4.3,27.03951749,,,,
4,13.97945237,,,,
2,1.42059407,,,,
4.5,33.012066,,,,
4,17.49271429,,,,
4,23.01337797,,,,
4,54.96499209,,,,
3.6,8.15792575,,,,
4.5,31.75443615,,,,
4.5,21.46210068,,,,
5,15.89357406,,,,
3.5,18.66848347,,,,
4,23.88433862,,,,
4.6,20.27434428,,,,
4.5,-3.12443763,,,,
1,15.60793694,,,,
4.5,20.96584669,,,,
4.1,30.15918145,,,,
4,6.92554068,,,,
3,27.32205469,,,,
3.5,3.36022861,,,,
2,-21.61543679,,,,
4.1,13.94955596,,,,
3,16.92121083,,,,
4.1,8.27982193,,,,
3,7.0453764,,,,
5,31.08760581,,,,
4,-1.21732862,,,,
5,9.2715,,,,
4,17.49802303,,,,
3,2.24134103,,,,
2.9,-1.15862775,,,,
5,24.18834186,,,,
5,24.4730635,,,,
5,24.25466005,,,,
5,45.3245588,,,,
2,-4.1895483,,,,
4.9,25.23519381,,,,
4,4.25296697,,,,
4,17.94652444,,,,
1.5,-1.82346413,,,,
3,20.52808703,,,,
4,6.74022188,,,,
5,15.52305083,,,,
3.5,18.93846478,,,,
3.9,-0.64969879,,,,
4.5,14.82088254,,,,
4,16.82746083,,,,
3.1,-2.56260267,,,,
4.6,9.45403904,,,,
4.2,26.95273131,,,,
5,13.11453575,,,,
2,4.97059215,,,,
3,-7.08896605,,,,
3.7,15.19054407,,,,
4,17.84298158,,,,
3,7.54701251,,,,
4,21.17193028,,,,
4.2,13.36998146,,,,
4,19.62756033,,,,
5,1.81524856,,,,
2.5,-4.90483992,,,,
5,14.48238644,,,,
4,11.64840281,,,,
5,20.59477647,,,,
2.3,-3.46188858,,,,
5,40.13550072,,,,
5,26.59108868,,,,
5,14.57187855,,,,
4,14.657536,,,,
1.9,0.68764595,,,,
4.5,25.05686665,,,,
1.5,-2.61154052,,,,
3.5,-3.58568336,,,,
5,16.84553571,,,,
2.9,10.28971384,,,,
2,-8.2249655,,,,
4.5,32.23061329,,,,
4.7,26.38772886,,,,
3.5,19.62246518,,,,
3.8,22.16996477,,,,
4.7,17.28392363,,,,
5,30.82075036,,,,
4.5,9.79708897,,,,
4.4,10.83446955,,,,
4.6,14.15157236,,,,
1.5,-3.42935886,,,,
5,-3.6762426,,,,
3,-3.55081097,,,,
3,3.49613895,,,,
2,-13.47023499,,,,
3.5,21.65521107,,,,
3,1.61608099,,,,
5,23.9057785,,,,
5,4.5642801,,,,
3.8,1.14357095,,,,
3.3,12.5769321,,,,
4.7,31.32424981,,,,
3,-13.71881025,,,,
4.6,21.9880152,,,,
4.7,25.97571789,,,,
2.5,3.15066302,,,,
4.5,28.20000236,,,,
5,23.45728334,,,,
4.4,9.23823778,,,,
4,9.14111848,,,,
4,22.92750322,,,,
2.5,1.2223518,,,,
3.5,-2.73414613,,,,
4,21.94861552,,,,
3,13.0898511,,,,
4.1,28.19781908,,,,
3,11.24453423,,,,
4.5,22.9108827,,,,
5,19.77831052,,,,
4.6,27.75612279,,,,
5,24.84374039,,,,
1.5,6.93892871,,,,
4.5,14.69833213,,,,
5,13.77277764,,,,
5,22.31072634,,,,
5,42.37429073,,,,
5,24.00115834,,,,
4.6,10.83446955,,,,
4.1,31.35547589,,,,
4,-0.98115881,,,,
4,7.07009979,,,,
3,3.36679727,,,,
3.5,16.81871933,,,,
5,45.75233549,,,,
4.4,9.90039285,,,,
4.5,13.94571786,,,,
4,12.09853925,,,,
3,17.84450735,,,,
2,7.85349134,,,,
2,-0.41531033,,,,
5,25.29564462,,,,
4,10.92882792,,,,
3,7.12776679,,,,
5,24.12924841,,,,
4,19.77943326,,,,
2,11.31024952,,,,
4,32.72282541,,,,
4,15.59371321,,,,
5,35.30055274,,,,
5,36.86391455,,,,
4.9,19.39346066,,,,
4,16.57836503,,,,
4.6,18.43267508,,,,
1.6,-7.05156864,,,,
4.5,25.7361628,,,,
4.6,17.21419978,,,,
4,1.74614223,,,,
5,16.72222788,,,,
4.5,12.95097789,,,,
3,-5.7200209,,,,
4,19.39226301,,,,
4,15.79586656,,,,
3.5,1.69426914,,,,
4.3,23.96172264,,,,
1.5,-7.29232427,,,,
1.5,-1.63944325,,,,
2,-6.82091158,,,,
3.2,27.70739684,,,,
4.5,23.9681533,,,,
3.5,9.42103737,,,,
1,-13.41123185,,,,
3.8,19.01145253,,,,
2,-9.01522759,,,,
5,35.5696264,,,,
2.9,-13.26302081,,,,
4,8.76741941,,,,
4,24.16197085,,,,
4.5,24.42640203,,,,
3,10.97098697,,,,
4.5,27.85520298,,,,
5,13.60966169,,,,
1,-16.94913983,,,,
1.5,-16.64584178,,,,
3,-11.58308111,,,,
4,-1.6024856,,,,
5,12.30889543,,,,
3,22.13932389,,,,
3.8,26.10836766,,,,
5,21.45689967,,,,
3.8,29.82179694,,,,
5,33.77005975,,,,
5,4.86558736,,,,
3.5,21.53515381,,,,
4,19.13351541,,,,
4.4,25.40147207,,,,
5,57.58395441,,,,
5,9.51190266,,,,
4.5,18.88598916,,,,
4.7,14.63327542,,,,
4.1,26.61187437,,,,
4.5,21.11487056,,,,
4.6,33.74354916,,,,
5,34.0465162,,,,
5,17.67096497,,,,
4.5,20.00389341,,,,
3.5,21.00498912,,,,
3,30.63195734,,,,
3.5,5.88095467,,,,
2.5,4.94193966,,,,
2.3,6.83593364,,,,
5,22.81996838,,,,
2,-10.60820895,,,,
4,16.14316783,,,,
3,4.51598721,,,,
2,9.98331502,,,,
5,10.58498286,,,,
2.1,-9.51831969,,,,
3.6,29.79360033,,,,
4.5,7.41372063,,,,
4,2.66314525,,,,
5,11.27824762,,,,
1,-2.16140974,,,,
3.5,19.19152573,,,,
2,-19.53892226,,,,
1.9,-3.6563248,,,,
4.7,27.66884464,,,,
5,32.2134582,,,,
5,16.84305535,,,,
3.5,5.60850216,,,,
5,13.81240668,,,,
4.5,25.69538886,,,,
5,40.67357628,,,,
4.8,4.89135981,,,,
5,9.35834004,,,,
5,17.00312824,,,,
3,-5.98013897,,,,
2,1.6067014,,,,
5,9.7955941,,,,
5,22.93605767,,,,
2.4,7.1182499,,,,
3.5,12.2913051,,,,
1.8,-13.4719633,,,,
5,9.65039531,,,,
3.5,-2.76004648,,,,
5,8.35619794,,,,
4.5,31.20322762,,,,
4.2,9.67201253,,,,
1,-4.50051788,,,,
5,7.82364157,,,,
5,19.05074055,,,,
2.5,3.90552437,,,,
5,18.34040215,,,,
5,28.15851821,,,,
2.5,5.79636049,,,,
3.7,6.00493928,,,,
4.5,6.07265474,,,,
5,19.51841727,,,,
2,0.2053361,,,,
4.1,27.28942138,,,,
2.5,-4.14383019,,,,
4.2,3.98524076,,,,
5,7.22501916,,,,
4,27.35407944,,,,
3,3.48557175,,,,
5,10.69555982,,,,
2,0.90398789,,,,
4.7,20.7466055,,,,
4.5,16.47322767,,,,
3.5,3.20600655,,,,
5,17.06246881,,,,
3.8,19.60558103,,,,
5,18.66913678,,,,
2,3.05437106,,,,
4.7,22.34368442,,,,
5,28.26659903,,,,
5,16.34230274,,,,
3,-1.82780085,,,,
4,8.0716527,,,,
5,24.20053951,,,,
2.1,-0.56763057,,,,
3.5,6.14184958,,,,
5,12.6703042,,,,
4,12.85963136,,,,
3,1.85059415,,,,
3,9.5843722,,,,
1.5,2.43932478,,,,
5,12.78399741,,,,
5,9.67690191,,,,
3.6,-0.93367174,,,,
5,28.60422998,,,,
5,22.26332502,,,,
4,6.62369192,,,,
3,9.25039602,,,,
1.5,-15.99797627,,,,
5,8.92113565,,,,
4,6.9209625,,,,
3.5,6.66325593,,,,
4.7,12.09218307,,,,
1.8,-5.61379172,,,,
3.5,4.37052788,,,,
1.5,-31.69621319,,,,
4.4,4.58813316,,,,
5,16.37113017,,,,
4.5,20.7607548,,,,
4,18.7933488,,,,
4.5,16.85837415,,,,
3.5,19.63447554,,,,
5,23.29573092,,,,
4.6,17.1240752,,,,
5,5.26999817,,,,
5,12.50645671,,,,
4.6,38.76565274,,,,
4.6,10.60826965,,,,
3.7,13.79956385,,,,
2.5,-16.67858999,,,,
3,2.61551567,,,,
3.8,22.0313795,,,,
2,7.04446356,,,,
4,0.20663564,,,,
3,11.34942771,,,,
4.7,34.06539455,,,,
5,17.26607509,,,,
4.5,29.90236194,,,,
1.5,-2.20986887,,,,
2.5,-1.86060329,,,,
5,38.22184761,,,,
4,-3.85866004,,,,
5,13.28028077,,,,
1.5,-6.11251076,,,,
1.5,2.17265058,,,,
5,30.37518003,,,,
5,14.10701575,,,,
4,24.1927708,,,,
2,11.13563122,,,,
3,-11.11415582,,,,
5,6.67656237,,,,
4,16.24866539,,,,
2.7,11.79111071,,,,
4.2,27.24253003,,,,
2.1,11.69801212,,,,
4.5,20.1563476,,,,
4.5,17.03330354,,,,
1.5,-15.24710101,,,,
5,1.92068019,,,,
2.1,8.22748657,,,,
1.5,-10.77337286,,,,
5,9.66924367,,,,
4.5,12.51295998,,,,
5,17.8218258,,,,
2.3,18.1095241,,,,
3,5.73859842,,,,
4,13.4214449,,,,
4.5,14.3556047,,,,
2.7,-2.15672312,,,,
5,23.80821407,,,,
4.5,19.97894738,,,,
4.5,11.26472835,,,,
1.5,-37.13581221,,,,
5,10.22316376,,,,
2,-0.80421745,,,,
3,1.97292168,,,,
5,40.00117387,,,,
1.5,19.41833736,,,,
4,0.90315431,,,,
4.5,19.17948412,,,,
2.5,-11.03872998,,,,
4.5,9.0735959,,,,
4,13.68746345,,,,
4.3,10.87276347,,,,
5,14.11586284,,,,
5,28.90206833,,,,
1.5,-4.34382057,,,,
4,8.34974312,,,,
1.5,-16.7115685,,,,
3.4,11.5350501,,,,
4,10.72334117,,,,
4.5,30.64523912,,,,
5,44.04346453,,,,
3,16.69973224,,,,
5,33.73617304,,,,
4.8,28.41796603,,,,
1.5,9.83414942,,,,
2.9,6.05202573,,,,
1.5,-6.09975797,,,,
1.7,-6.56705569,,,,
1.5,-0.57434128,,,,
5,32.68167787,,,,
1.5,0.8272923,,,,
5,17.53847675,,,,
3.5,14.38513175,,,,
3.2,21.39191291,,,,
4.7,16.15016116,,,,
4,11.89784104,,,,
4,9.90483101,,,,
3.5,-1.77224416,,,,
4.7,44.72715718,,,,
3.5,-7.62477957,,,,
3.7,28.43110933,,,,
4,11.92876414,,,,
4,13.57954013,,,,
5,26.22702492,,,,
4,2.31829007,,,,
2.5,0.47820867,,,,
2.5,1.11298337,,,,
4.7,27.6179763,,,,
2,10.26615022,,,,
4,-2.63105019,,,,
3.5,5.40614533,,,,
4.5,26.00374174,,,,
4.5,23.62912979,,,,
2.5,-1.37701714,,,,
1.5,-16.81623189,,,,
1,-17.21569929,,,,
3.3,13.9011769,,,,
4.1,11.97191413,,,,
5,27.18725844,,,,
5,24.56618041,,,,
4.4,9.1213397,,,,
4,2.42760199,,,,
5,19.22900696,,,,
4.4,25.19675949,,,,
3,0.18114918,,,,
1.5,6.83841423,,,,
4,5.36659663,,,,
4.3,2.3005996,,,,
4.9,32.07027564,,,,
4,1.52506672,,,,
3.7,15.15394161,,,,
5,32.3974807,,,,
3.9,4.1538002,,,,
4,22.43464105,,,,
5,27.52355309,,,,
4,-6.31491759,,,,
1.5,3.30505974,,,,
3,28.46864678,,,,
5,21.378527,,,,
3.3,32.18658946,,,,
3.5,22.68395781,,,,
5,20.14065591,,,,
2,0.43409799,,,,
2.5,-5.88069496,,,,
4.1,20.99873741,,,,
5,14.4493184,,,,
4.2,5.55625109,,,,
1,-9.63348872,,,,
4,25.63568443,,,,
4.2,10.80700592,,,,
4.5,21.36988457,,,,
4.6,16.44928436,,,,
2.5,8.60910234,,,,
3.3,-5.92436354,,,,
4,26.41796088,,,,
3,7.25663395,,,,
5,6.95481216,,,,
4,6.01771823,,,,
4.8,28.73824478,,,,
4.1,16.3318473,,,,
3.4,6.55382291,,,,
4,5.87537947,,,,
5,18.77302573,,,,
4.4,35.21128608,,,,
3,19.11987378,,,,
5,24.40321119,,,,
5,9.19581089,,,,
1.5,-0.06097514,,,,
5,29.21618017,,,,
4.1,17.75744715,,,,
5,17.48081582,,,,
4,18.60537144,,,,
1.5,-3.75101062,,,,
5,9.31561679,,,,
3.5,11.10769456,,,,
4,-4.68486277,,,,
5,19.08417307,,,,
5,19.93087603,,,,
2.5,-3.08379308,,,,
5,22.8992904,,,,
5,16.41147398,,,,
4.7,10.30205584,,,,
5,27.40791352,,,,
5,25.00501013,,,,
3,-4.04943222,,,,
4.7,27.24536308,,,,
3,14.0613889,,,,
3.7,7.06270641,,,,
5,20.84104627,,,,
1.5,-12.35278455,,,,
1,-6.4081177,,,,
4.5,5.9507033,,,,
4,20.87601834,,,,
4.3,29847,,,,
2.9,9.71073947,,,,
3.5,10.35445811,,,,
4,10.11186524,,,,
4,18.97864289,,,,
4,10.73095651,,,,
5,18.45199054,,,,
4.8,22.30242488,,,,
5,53.97481297,,,,
1.5,-0.4979443,,,,
4,4.44716663,,,,
3.4,14.91792116,,,,
3.5,-2.30948745,,,,
5,20.08782872,,,,
4.5,15.84224594,,,,
5,22.37659834,,,,
4.5,13.3752123,,,,
3.9,17.69938196,,,,
4.5,2.43207922,,,,
1.5,-7.0808473,,,,
1.5,3.97518884,,,,
5,51.44816094,,,,
4,18.19775867,,,,
4,20.7942866,,,,
4,14.64867409,,,,
4,7.0331199,,,,
1.5,1.80379801,,,,
3,-8.59267011,,,,
4,8.61591845,,,,
1.6,-4.32426259,,,,
4.6,16.55991224,,,,
1.9,-9.53631427,,,,
1.9,-5.44615678,,,,
5,7.60025316,,,,
3.5,2.30647379,,,,
3,13.68048579,,,,
3,1.01282702,,,,
4.6,17.72747934,,,,
5,11.34841036,,,,
4.6,19.97799985,,,,
2.5,-2.07033016,,,,
3.9,5.40638383,,,,
4,10.08597857,,,,
2,3.43498228,,,,
1.5,-5.97609403,,,,
5,28.00598458,,,,
4,15.0555232,,,,
4,6.42000551,,,,
1,-17.42271501,,,,
4.9,12.42835088,,,,
4,24.77297498,,,,
5,16.2101434,,,,
3.5,40.34843318,,,,
5,7.57072177,,,,
3,-1.69762307,,,,
3.5,26.18846857,,,,
1.5,-21.31097465,,,,
1.5,-6.48542726,,,,
3.3,19.93247507,,,,
4.3,17.93712397,,,,
4.6,33.35897836,,,,
2.4,-19.35146622,,,,
4,7.8238255,,,,
4.2,24.35359148,,,,
2.3,-18.57201902,,,,
5,10.11473405,,,,
5,26.37666073,,,,
2,-8.88823445,,,,
3,0.8037174,,,,
5,21.79530638,,,,
1.5,-1.30631147,,,,
5,21.91889126,,,,
5,0.71172325,,,,
4.6,19.42339797,,,,
4.7,28.94448176,,,,
1.5,-19.02701241,,,,
2,-2.87132244,,,,
5,24.65525398,,,,
5,52.76887468,,,,
2.2,-8.54902914,,,,
3.5,5.92085185,,,,
3.5,20.78059156,,,,
2,-4.26264721,,,,
4,10.82894275,,,,
5,25.06771677,,,,
2.3,-10.92549246,,,,
4,23.67632567,,,,
4,7.19707467,,,,
1.5,-2.528861,,,,
2.8,6.19323006,,,,
2.5,8.21476835,,,,
1.9,-6.02419913,,,,
4.8,41.69159346,,,,
4.6,26.40991704,,,,
3.5,6.66477811,,,,
4.5,20.01131105,,,,
3,8.80677514,,,,
4.5,19.35340732,,,,
4.7,18.52747992,,,,
4.5,13.96854918,,,,
5,26.99184122,,,,
5,26.66867134,,,,
4.6,14.09523666,,,,
4,22.26908808,,,,
3.8,33.47031844,,,,
3.5,10.42811594,,,,
3.3,4.06506373,,,,
2.3,11.00213628,,,,
1.9,-8.36267641,,,,
3.9,5.7513856,,,,
1.5,-3.12170925,,,,
3.6,-0.53815946,,,,
4.9,17.90674677,,,,
1.5,-11.08200362,,,,
1,4.41541501,,,,
4.9,24.10423835,,,,
2.1,7.99117509,,,,
4,16.80537263,,,,
1.5,4.59813726,,,,
4.4,44.36763912,,,,
4.5,12.95793619,,,,
4.5,25.79609952,,,,
3,7.97519948,,,,
1.5,2.62665256,,,,
5,23.44911113,,,,
3,6.76932974,,,,
5,21.47499803,,,,
4.5,0.9713073,,,,
5,20.15602358,,,,
3.5,25.71266839,,,,
5,11.9479072,,,,
5,14.45550623,,,,
3,-0.24650538,,,,
4.2,26.07199285,,,,
3.5,6.08733007,,,,
5,30.26284039,,,,
4,7.31629146,,,,
4,16.88873744,,,,
5,13.63595798,,,,
1.5,-10.78846346,,,,
1.5,-32.45079661,,,,
1.8,-1.34832147,,,,
4.5,2.59596279,,,,
1.5,1.49755941,,,,
1.5,-9.37066918,,,,
4,-2.11580239,,,,
4.7,18.2414697,,,,
5,28.0648664,,,,
1.5,-4.31873546,,,,
2,-4.40284315,,,,
2,7.4934627,,,,
5,25.52029343,,,,
1.5,-0.34974024,,,,
4.5,19.93098394,,,,
3,5.58497821,,,,
2,7.48125955,,,,
5,3.18653692,,,,
4.6,13.93745795,,,,
1.5,-4.46585636,,,,
4.4,21.77431371,,,,
1.5,-17.64920759,,,,
4,5.8673725,,,,
4,26.70636595,,,,
2.5,2.24319259,,,,
5,19.1099222,,,,
2.1,-2.83914502,,,,
4,17.4499602,,,,
5,25.13373369,,,,
3,-4.77734596,,,,
3.5,9.00237383,,,,
3,10.95927125,,,,
1.5,-23.02869568,,,,
4,16.10294356,,,,
4,2.44857285,,,,
4.5,22.94035869,,,,
3.7,15.22257491,,,,
3.1,2.56439597,,,,
3.7,-3.5022734,,,,
4,13.84037677,,,,
4.8,33.28098913,,,,
4.7,19.96128617,,,,
3,14.17747073,,,,
3,1.93073522,,,,
3.5,13.59560117,,,,
3,10.87358135,,,,
5,26.81442139,,,,
4.6,41.33616802,,,,
5,19.85554266,,,,
1.5,-25.2734219,,,,
5,19.23226077,,,,
5,29.848552,,,,
4.3,27.09564931,,,,
4.5,59.8679249,,,,
3,12.63091363,,,,
3.9,2.89979094,,,,
2,-0.68943206,,,,
4,14.74125696,,,,
4,13.34976985,,,,
4,-4.61344695,,,,
5,18.9894728,,,,
4,7.91860652,,,,
2,11.32745677,,,,
4.9,29.26670301,,,,
4,19.17494623,,,,
3,15.91923469,,,,
4.8,32.1551898,,,,
1.5,-17.05692692,,,,
4,11.39175991,,,,
4,34.45768261,,,,
5,27.11843283,,,,
4.5,17.71598002,,,,
5,21.38596558,,,,
4.5,17.8850729,,,,
4.6,-0.04993875,,,,
4,16.68598127,,,,
4.3,20.84583577,,,,
5,14.3608472,,,,
1.6,-29.46836635,,,,
4.2,33.327138,,,,
3,-5.97539718,,,,
3.9,0.2779132,,,,
4.7,3.24405298,,,,
4,10.81573612,,,,
4.5,20.32604644,,,,
2,-1.87398824,,,,
5,15.84300156,,,,
5,28.64808915,,,,
4.5,17.61671251,,,,
4.5,17.56181549,,,,
1.5,-2.56151793,,,,
1.5,2.25215275,,,,
2,17.67047567,,,,
5,22.83465139,,,,
4,4.70261673,,,,
4.3,4.16475728,,,,
4,18.79306537,,,,
2.9,21.13882955,,,,
3.5,-0.40665601,,,,
1,-10.25662678,,,,
4,9.50535407,,,,
5,20.11921424,,,,
5,19.67792702,,,,
3.5,18.86713581,,,,
3,-10.05038439,,,,
5,5.17497988,,,,
3,-7.02049148,,,,
4.2,21.88210222,,,,
4,17.2684003,,,,
4.4,30.67892635,,,,
1.5,-9.07015887,,,,
4.3,28.33959721,,,,
2,17.14682854,,,,
1.5,-3.0337635,,,,
3,-4.63543458,,,,
5,24.44363596,,,,
4,20.82357424,,,,
3,26.56412072,,,,
4.2,74.16512276,,,,
3.5,-2.2467461,,,,
1.5,-0.71891786,,,,
4,29.40900843,,,,
4.5,13.12474008,,,,
4,-12.03299527,,,,
3.3,-3.56926982,,,,
1.5,2.3355724,,,,
4.7,19.0360671,,,,
3,8.45080563,,,,
4.5,25.38527165,,,,
4.1,24.85654182,,,,
3.5,-0.76007932,,,,
5,20.93770052,,,,
3.7,17.75002643,,,,
4,27.91866151,,,,
2.6,-6.81999888,,,,
5,10.80368949,,,,
5,29.99059462,,,,
4.7,12.40235639,,,,
2.5,-6.38891453,,,,
5,16.94085949,,,,
5,17.52238572,,,,
4.5,6.90718964,,,,
4,10.32808155,,,,
4.3,9.98849341,,,,
3.5,30.60071719,,,,
3.6,5.10295234,,,,
5,-11.26596864,,,,
3.5,16.27618383,,,,
5,29.43155744,,,,
2,4.87096917,,,,
3.2,-0.69153657,,,,
1,6.99527934,,,,
5,23.07775419,,,,
2.9,-3.44208384,,,,
4.8,22.52672354,,,,
4.6,12.12628513,,,,
4,13.75050818,,,,
1.5,0.41368763,,,,
4.6,29.75176336,,,,
4.5,44.53624628,,,,
1.5,-13.08251322,,,,
1.5,-11.30666651,,,,
5,17.35799248,,,,
5,11.49605801,,,,
4,23.46749029,,,,
5,19.17954095,,,,
1.5,-6.31408131,,,,
2,3.80828296,,,,
2.6,5.5665781,,,,
2,13.33458008,,,,
3.1,10.7355809,,,,
4.5,9.92192193,,,,
4.8,25.66038152,,,,
2.9,-9.03252002,,,,
1.5,6.10318358,,,,
4.1,25.81022442,,,,
4.5,11.90160252,,,,
2.5,-19.13208489,,,,
4.5,19.48771966,,,,
5,17.08237453,,,,
5,25.52104276,,,,
3.3,17.39184881,,,,
2.2,-10.66991264,,,,
5,23.03235815,,,,
4,12.9401914,,,,
4.8,27.33249664,,,,
2.5,5.89148297,,,,
4.3,9.09547594,,,,
4,13.12402832,,,,
1.5,-0.10552523,,,,
3.5,11.78234916,,,,
5,37.45546104,,,,
4,20.63234181,,,,
4,18.94644502,,,,
1.5,-14.93472635,,,,
4,11.46870641,,,,
1.6,0.23813079,,,,
5,23.84228758,,,,
4.2,16.61839856,,,,
3.5,7.14643817,,,,
2.8,7.73292295,,,,
5,11.99304473,,,,
1.5,-1.81934284,,,,
5,28.15980761,,,,
4.5,41.51755639,,,,
3.5,10.77427138,,,,
5,13.82620042,,,,
5,34.12924383,,,,
4,17.81409029,,,,
1.5,-15.60038216,,,,
2,3.15844858,,,,
2.2,3.826437,,,,
1.5,6.10318358,,,,
4.5,33.46765821,,,,
4.5,20.40631213,,,,
4.8,12.67984291,,,,
4.3,19.45609372,,,,
4.7,8.67368874,,,,
4.5,33.06593416,,,,
4,24.36928799,,,,
2,6.17377763,,,,
5,24.4133156,,,,
5,10.57174729,,,,
3.5,8.17936735,,,,
3.8,21.43790695,,,,
3.5,13.45909748,,,,
4,12.41329749,,,,
4,9.6941501,,,,
4.1,11.0322653,,,,
3,10.20039152,,,,
4.9,45.71650545,,,,
5,17.23953626,,,,
1.5,12.14173532,,,,
2,-10.66241622,,,,
4.9,30.46489838,,,,
5,14.39592238,,,,
5,34.80414226,,,,
5,22.77736921,,,,
3,5.13764129,,,,
2,-2.90493429,,,,
4.5,14.25229385,,,,
2.8,16.89090465,,,,
2,2.80560353,,,,
1.5,6.65280923,,,,
5,15.72918336,,,,
5,31.77606481,,,,
2.5,9.26232859,,,,
2.8,-2.13244938,,,,
2.7,-1.89455803,,,,
4.4,18.81463814,,,,
3,2.8823649,,,,
3.5,17.44349709,,,,
2.1,1.79269054,,,,
4.5,-8.39314558,,,,
4.3,2.99687232,,,,
5,41.14964196,,,,
1.5,-2.57246132,,,,
1.5,-15.03194594,,,,
4.6,15.27360732,,,,
4,24.72228047,,,,
5,38.98847672,,,,
2.8,13.5240361,,,,
3.7,15.61657739,,,,
3,-5.04697972,,,,
2,-1.90288299,,,,
5,25.66956082,,,,
4,5.50387748,,,,
4.5,32.29364991,,,,
4,4.56278654,,,,
3,20.0362056,,,,
2,-10.69392616,,,,
2,6.94890808,,,,
1.5,3.62235562,,,,
4.6,36.10560515,,,,
3,11.03558888,,,,
2,12.1983564,,,,
3.5,21.46103359,,,,
4,14.0038698,,,,
4.4,15.56733953,,,,
2.5,-5.75141795,,,,
4,10.75172132,,,,
4,17.25027932,,,,
4.6,10.12025481,,,,
2,26.29449569,,,,
4.3,22.85856037,,,,
4.5,11.75763167,,,,
5,37.70370184,,,,
5,26.17062496,,,,
5,8.63064429,,,,
2,1.30629308,,,,
5,18.75946582,,,,
4.5,31.10198097,,,,
1.5,0.8272923,,,,
1.5,1.67183585,,,,
5,14.32424672,,,,
4.8,23.45935347,,,,
1.5,4.71188075,,,,
3.7,14.42313729,,,,
1.5,5.19398451,,,,
3.5,30.28193752,,,,
2.4,-13.73967178,,,,
5,19.15237724,,,,
3,3.96567602,,,,
2,-3.75928279,,,,
4,25.17488257,,,,
3,11.1100076,,,,
2,-4.72511715,,,,
4.9,11.64623843,,,,
5,18.94093888,,,,
5,53.05953729,,,,
4,22.90093328,,,,
3,9.11754154,,,,
5,21.48548367,,,,
5,16.11059069,,,,
4,16.66361703,,,,
4.7,23.84837153,,,,
4.1,6.0245289,,,,
5,7.08022364,,,,
4,6.39491301,,,,
5,25.61246002,,,,
5,19.44500874,,,,
4,33.23908502,,,,
3.1,7.53501568,,,,
4.2,12.05425944,,,,
3,1.39998156,,,,
1.3,-4.34198605,,,,
5,18.82464419,,,,
4,18.53660379,,,,
1.5,-9.8490036,,,,
4.7,8.55913792,,,,
4.5,11.3749835,,,,
4,19.32516714,,,,
4,5.73042746,,,,
4.9,27.17220937,,,,
4.8,13.14231854,,,,
4,19.18139088,,,,
3.5,17.52288441,,,,
3.7,-4.71912961,,,,
4,10.77796517,,,,
4.9,9.6906851,,,,
5,22.57475202,,,,
4.1,14.05213276,,,,
4.4,39.29404498,,,,
4,23.79480527,,,,
4.5,22.65312264,,,,
4.5,11.74388292,,,,
5,22.51632845,,,,
4.3,8.88724545,,,,
4.5,31.38885264,,,,
5,37.02789555,,,,
5,17.65820335,,,,
5,23.17944986,,,,
5,30.85143399,,,,
3.5,18.62132727,,,,
4.5,7.51129565,,,,
4,11.4518943,,,,
5,18.32811024,,,,
5,22.3891235,,,,
5,18.41193331,,,,
5,9.02452033,,,,
4.5,11.74388292,,,,
5,17.61090431,,,,
5,33.84695472,,,,
4.5,14.15459142,,,,
4,12.69036977,,,,
5,24.08466683,,,,
4,10.41573936,,,,
3.5,30.67506143,,,,
2,0.90534144,,,,
5,14.38265925,,,,
2,20.88037845,,,,
4.5,27.06775224,,,,
4,18.03735068,,,,
4,37.55523362,,,,
4.8,19.2673068,,,,
4.4,28.64535241,,,,
5,8.81804833,,,,
4.5,21.02502761,,,,
4.5,13.24876046,,,,
4,20.60145811,,,,
1.5,-29.90725158,,,,
3.5,16.93268586,,,,
5,22.61291906,,,,
4.5,40.64470038,,,,
4.5,17.35582287,,,,
5,30.81918278,,,,
5,27.67304335,,,,
5,31.93283847,,,,
4.8,15.11463289,,,,
4.5,20.22010704,,,,
5,18.18966266,,,,
4,19.75299322,,,,
5,12.62250394,,,,
4.5,28.50679508,,,,
5,37.25305134,,,,
4,11.78526759,,,,
4.3,22.23977093,,,,
4.1,-6.50958092,,,,
4.5,10.00639789,,,,
3,-13.06638916,,,,
5,88.52662136,,,,
4.5,4.36087781,,,,
4.5,16.81200195,,,,
4.5,17.5957685,,,,
4,15.98916129,,,,
4.3,12.47782105,,,,
3.4,36.48629196,,,,
4.6,24.06330614,,,,
3.5,17.8024403,,,,
4.8,22.17663723,,,,
2,5.61513484,,,,
3.5,11.69508419,,,,
5,59.88656628,,,,
4.8,9.13654285,,,,
4.4,15.03746527,,,,
1.5,-1.54167098,,,,
4,18.74580679,,,,
5,12.70775489,,,,
3.8,21.53870834,,,,
4,13.83872757,,,,
1.9,3.1202636,,,,
1.6,-4.0578359,,,,
5,19.8432321,,,,
3,6.66587037,,,,
3.1,-4.47961088,,,,
2.5,5.99544987,,,,
4,2.02131108,,,,
5,22.74086078,,,,
1.5,10.64046683,,,,
3.9,6.94475927,,,,
5,20.360294,,,,
4.6,31.78780876,,,,
5,34.32485383,,,,
4.1,18.30549858,,,,
4.5,19.35473257,,,,
1.8,-7.0884561,,,,
5,28.41733929,,,,
4.5,18.68691693,,,,
5,20.63605132,,,,
5,12.66651226,,,,
3.5,9.41348258,,,,
4,13.13834355,,,,
1.5,0.69277818,,,,
3,11.17324031,,,,
4.9,20.68942829,,,,
4.6,26.87887794,,,,
5,28.29774077,,,,
4,4.14432344,,,,
4.3,20.44266998,,,,
4,26.70043347,,,,
5,26.44861019,,,,
1.5,-19.28102934,,,,
1.5,4.25118491,,,,
4,6.10879487,,,,
3.5,13.24249852,,,,
5,28.37921335,,,,
2.5,-10.17464539,,,,
4.2,38.16498667,,,,
5,36.95986603,,,,
1,-2.21531221,,,,
1.5,-27.83981471,,,,
4.5,24.5850023,,,,
5,20.04254693,,,,
5,20.29572192,,,,
4,2.57938827,,,,
4,1.88118244,,,,
3.5,10.34815465,,,,
5,38.45221916,,,,
5,5.25034021,,,,
4,17.01692316,,,,
5,19.15889495,,,,
4.5,28.42098708,,,,
2.4,11.30268167,,,,
5,7.95908273,,,,
1.9,4.14628769,,,,
4,19.94028165,,,,
5,20.11388344,,,,
4.5,3.293944,,,,
4,21.44399971,,,,
5,12.77962522,,,,
4,18.84854586,,,,
4.4,13.2732653,,,,
5,13.81965651,,,,
1.5,7.23110949,,,,
3,7.36303538,,,,
5,2.62821315,,,,
3.2,15.21645755,,,,
5,9.8659768,,,,
5,36.62418057,,,,
4.5,-4.1189393,,,,
3,9.68475881,,,,
5,39.35404879,,,,
4.4,7.5503501,,,,
3.5,8.56782453,,,,
5,17.56277209,,,,
3.5,11.15849121,,,,
3.8,10.23454176,,,,
3,9.248343,,,,
5,9.65505169,,,,
5,25.49705311,,,,
3.5,-3.69939187,,,,
3,6.88803387,,,,
2.5,20.17584217,,,,
5,21.63542603,,,,
4.7,27.05636939,,,,
3.5,8.19802559,,,,
5,27.02085736,,,,
2.5,6.51166212,,,,
5,19.76203636,,,,
2,8.59409361,,,,
3.5,-5.4591293,,,,
2,-0.12198127,,,,
5,25.65345902,,,,
2,11.02429676,,,,
2,-0.64770613,,,,
4.6,18.59298763,,,,
5,34.03444575,,,,
4.7,-1.87249799,,,,
1.5,7.46205994,,,,
1,-0.85372084,,,,
5,37.62349873,,,,
4,18.62233829,,,,
4,17.29615621,,,,
4.5,11.00677481,,,,
4.5,11.32041808,,,,
4.6,20.15346718,,,,
5,30.562238,,,,
5,18.27482986,,,,
5,44.91045966,,,,
4.6,18.43837232,,,,
3.7,0.12032971,,,,
4.6,14.64686266,,,,
3,4.7350941,,,,
5,36.83893245,,,,
3.5,-1.79244358,,,,
3,-19.41621759,,,,
4,5.13062359,,,,
5,13.3344875,,,,
2.7,7.49098136,,,,
5,22.8766763,,,,
4.5,20.37820275,,,,
5,41.90382716,,,,
4,22.6687762,,,,
5,19.24507964,,,,
2.5,-11.68271447,,,,
4.5,25.56017662,,,,
4,0.33443351,,,,
1.5,-8.96441002,,,,
1.5,-22.2469518,,,,
5,10.07821029,,,,
4,1.93115654,,,,
2.8,2.10792226,,,,
5,27.93221253,,,,
5,15.97330735,,,,
4,21.07373244,,,,
5,30.76010703,,,,
3,-10.25343166,,,,
1.5,-8.37765263,,,,
5,12.89613667,,,,
3.9,17.30825555,,,,
4.5,13.41792802,,,,
4.5,19.85403181,,,,
4.5,18.55383605,,,,
4.8,27.77226063,,,,
4.7,17.173145,,,,
2,-3.69898058,,,,
1.6,9.09349595,,,,
5,30.58399723,,,,
1.5,-20.9793664,,,,
4.5,22.53100425,,,,
3.9,5.73928082,,,,
5,24.38233817,,,,
5,29.32466137,,,,
4.5,14.46149929,,,,
1.5,-9.36111608,,,,
5,9.75924532,,,,
5,18.31150382,,,,
4.6,31.45624405,,,,
1.5,18.84636005,,,,
5,29.99824342,,,,
5,33.33665863,,,,
5,28.87783908,,,,
4,10.617185,,,,
2,2.26553253,,,,
3.5,13.19139988,,,,
2,-29.58846314,,,,
5,26.93186223,,,,
5,16.8305214,,,,
4.7,33.26364558,,,,
5,24.74588604,,,,
4.5,32.70587948,,,,
4.4,25.14864123,,,,
4.6,25.86982886,,,,
3,10.64468117,,,,
2,-7.57927883,,,,
5,33.04599486,,,,
4.7,29.71010682,,,,
1.5,-36.02325496,,,,
4.4,36.60591702,,,,
4.5,28.13533641,,,,
5,33.2600107,,,,
4,-3.62698954,,,,
4.5,-10.12114551,,,,
1.8,-4.93164135,,,,
1.5,2.70904843,,,,
1.5,3.10054681,,,,
3,15.27980439,,,,
5,17.76965456,,,,
4,12.9281304,,,,
4.3,17.74967853,,,,
1.5,-3.25178848,,,,
3.3,15.92397806,,,,
2,15.86901549,,,,
3.6,15.50800679,,,,
4,14.13897796,,,,
5,10.87796879,,,,
5,30.5740863,,,,
5,31.97407211,,,,
4.3,24.83206887,,,,
4,11.03045497,,,,
3,15.9603702,,,,
3.9,8.24367393,,,,
1.5,-11.50039504,,,,
5,9.80273778,,,,
3,-8.60341585,,,,
3,2.45142354,,,,
4.5,27.17766472,,,,
1,-6.77457274,,,,
4.7,4.81004268,,,,
3.5,31.71265723,,,,
,,,,,
,,,,1.0,
,,,,1.1,
,,,,1.2,
,,,,1.3,
,,,,1.4,
,,,,1.5,
,,,,1.6,
,,,,1.7,
,,,,1.8,
,,,,1.9,
,,,,2.0,
,,,,2.1,
,,,,2.2,
,,,,2.3,
,,,,2.4,
,,,,2.5,
,,,,2.6,
,,,,2.7,
,,,,2.8,
,,,,2.9,
,,,,3.0,
,,,,3.1,
,,,,3.2,
,,,,3.3,
,,,,3.4,
,,,,3.5,
,,,,3.6,
,,,,3.7,
,,,,3.8,
,,,,3.9,
,,,,4.0,
,,,,4.1,
,,,,4.2,
,,,,4.3,
,,,,4.4,
,,,,4.5,
,,,,4.6,
,,,,4.7,
,,,,4.8,
,,,,4.9,
,,,,5.0,0
